Time,tau_m,tau_ext,theta_m,q,d_theta_m,d_q,dd_theta_m,dd_q
0,0.153,0,0.00212398342320539,-0.000425424935666128,0.127111824024172,-0.0161304457477605,2492.72925901015,0.239317826677217
0.002,0.154361020085241,0,0.0239043392521835,-0.000319860883618897,3.05976945800197,-0.00481610284174953,2077.94436609804,2.21055331973323
0.004,0.155064285734578,0,0.0454418334918682,-0.000217648823042982,5.84661190079334,0.0069951922925386,1676.22623970003,4.1228434502061
0.006,0.1551687408604,0,0.0671082940440133,-0.000111335042350687,8.39757300249937,0.0197169274432796,1299.68220085408,5.92511719586942
0.008,0.154779987985473,0,0.0892619878564908,5.95646004674737e-06,10.6442457141317,0.0336893352764153,959.829880802686,7.56472149214704
0.01,0.154040067793199,0,0.112220207701667,0.000140130363129685,12.5457004544439,0.0491402086699282,666.961968780061,8.98990038862478
0.012,0.153114273097801,0,0.136245348963397,0.000295813919827824,14.0917052333628,0.0661563174916995,429.493175590466,10.1534039511196
0.014,0.152176109024932,0,0.161544889646494,0.00047621311364374,15.3029819693766,0.0846693722741481,253.332812199335,11.0168980708699
0.016,0.151391664017081,0,0.188283251866772,0.00068317733982272,16.2284508896908,0.104459141279317,141.343850557832,11.555579804092
0.018,0.150904703977371,0,0.216601656848146,0.000917462989136311,16.9397451362734,0.12517425951899,92.9613404127098,11.762237408073
0.02,0.150823740497961,0,0.246641056870463,0.00117913572154078,17.5235836645274,0.146368848306473,104.043057718713,11.6499699601181
0.022,0.151212158793796,0,0.278563127972413,0.0014680246869385,18.0728337058538,0.167550741852111,167.009237142715,11.252915657583
0.024,0.152082235413565,0,0.312565054087871,0.00178413667166131,18.6772397373875,0.188235351581758,271.296456734106,10.6246169831575
0.026,0.153393551248982,0,0.348885217433381,0.00212794869391415,19.4148205628179,0.207998345858462,404.108335469017,9.83402461656276
0.028,0.155055938758335,0,0.387798654545608,0.00250053025794287,20.3448343591964,0.226520466289809,551.401475427996,8.95953154104818
0.03,0.15693672409824,0,0.429602935400095,0.0029035009903467,21.5029991865239,0.243618828312288,699.008704828249,8.08174965220691
0.032,0.158871666421314,0,0.474596672341754,0.00333887862859853,22.8993677539491,0.259260866504781,833.78058694927,7.27593028183492
0.034,0.160678687708923,0,0.523053932859606,0.00380888452739235,24.5189348492618,0.273559535135375,944.62355432149,6.60496394009041
0.036,0.162173252819592,0,0.57519830963338,0.00431574974865938,26.3247488016258,0.286751091169587,1023.32772112548,6.11378791281899
0.038,0.163184120359023,0,0.631180310189656,0.00486153370518899,28.2630419179001,0.299159262545185,1065.10514507118,5.8258191472394
0.04,0.163568152081988,0,0.691061156971701,0.00544795210059118,30.269714014746,0.311151358069549,1068.79449476306,5.74175564250164
0.042,0.163222944575738,0,0.75480516040476,0.00607621279175389,32.2774098187471,0.323092545818261,1036.72536471195,5.84079343514855
0.044,0.162096225667504,0,0.822281685755537,0.00674686756519722,34.2224254870621,0.335304027212736,974.270495000838,6.08402698550851
0.046,0.160191224546375,0,0.893276528562267,0.00745969344552139,36.0507534117076,0.348029490251406,889.143712599167,6.41957039014841
0.048,0.157567556904082,0,0.96751138578974,0.00821361159154939,37.7227131702763,0.361412617258662,790.523379676435,6.78877616630237
0.05,0.154337536933964,0,1.04466919207631,0.00900664078343225,39.215800969477,0.375486961542454,688.094190083368,7.1328456418566
0.052,0.1506582060639,0,1.12442249027279,0.00983588236696723,40.5255985117692,0.39017825401733,591.103636649412,7.39911880379589
0.054,0.146719722493699,0,1.20646178046846,0.0106975512315938,41.6647924138828,0.405318106859734,507.523362924269,7.54639616796231
0.056,0.14273105659216,0,1.29052093650582,0.0115870905237428,42.6605456568788,0.420667154927995,443.390652198059,7.54877388850506
0.058,0.138904160026644,0,1.37639723999168,0.0124994178605586,43.5506143731283,0.435944897764666,402.383122323635,7.39765487277681
0.06,0.135437902673156,0,1.46396427589936,0.0134293362188599,44.3787026981624,0.450862889468816,385.652826476848,7.10181408083095
0.062,0.132503090426091,0,1.55317676039868,0.0143721004836164,45.1895881555788,0.465157606118063,391.917647505137,6.68561859950002
0.064,0.130229787414444,0,1.64406722862725,0.0153240691163072,46.0245301971133,0.478619374251591,417.781589198046,6.18570225481958
0.066,0.128697975268517,0,1.73673531166797,0.0162833112160826,46.917402290695,0.491114123137009,458.234400376286,5.64654430201341
0.068,0.127932305797531,0,1.8313310163574,0.0172500123067092,47.8918763954761,0.502595479874303,507.267060883994,5.11548683955114
0.07,0.127901364646473,0,1.92803394750555,0.0182265516870799,48.9598542508577,0.513105957778981,558.533894034443,4.63774316009772
0.072,0.128521490295031,0,2.02703074163536,0.019217206385159,50.1211995207173,0.522767552413373,605.994079942424,4.25190572996697
0.074,0.129664816089491,0,2.12849307231907,0.0202275328387372,51.3646934456773,0.53176360672029,644.473804059452,3.98637087006342
0.076,0.131170854091619,0,2.23255841868517,0.0212635430498232,52.6700259615891,0.540315012495169,670.103333328112,3.8569746732703
0.078,0.132860647312939,0,2.33931539015128,0.0223308130635926,54.0105520004021,0.548654422966278,680.598999439347,3.86599786027139
0.08,0.134552305598902,0,2.44879484327748,0.0234336534084652,55.3564927939465,0.557002002015252,675.376591891792,4.0025582817646
0.082,0.13607662754198,0,2.56096738840946,0.0245744493868567,56.6782451472808,0.565545424951138,655.498559334461,4.24427798974157
0.084,0.137291505675871,0,2.67574722859767,0.0257532464721836,57.9494760101573,0.574425697459832,623.471582948419,4.55999762389873
0.086,0.138093915234504,0,2.7930016601588,0.0269676151554016,59.1497213807332,0.583729211719619,582.922729138551,4.91322498900229
0.088,0.138428489375404,0,2.91256505368173,0.028212793099482,60.2662722239856,0.593485609830167,538.190954101176,5.26595384846809
0.09,0.138291969131404,0,3.03425577474019,0.0294820823994025,61.2952091756911,0.60367071548693,493.875839085976,5.58247382630759
0.092,0.137733160766869,0,3.15789431608586,0.03076747391739,62.2415348331071,0.614213944750987,454.386862401722,5.8328098936601
0.094,0.136848408075264,0,3.28332089240845,0.0320604651098654,63.118439213689,0.625009733745076,423.534234721193,5.99547694397695
0.096,0.135772961339278,0,3.41041087589581,0.0333530197123856,63.9458125790333,0.635932243746907,404.196561141561,6.05930852421875
0.098,0.134668967114638,0,3.53908670303613,0.0346385847725794,64.7481836298792,0.646852051290717,398.091873780394,6.02421401370954
0.1,0.133711085260613,0,3.66932523703835,0.0359130422048358,65.5523050548907,0.657653035419196,405.667744912124,5.90082644811448
0.102,0.133070938283762,0,3.80116000215255,0.0371754462482711,66.3846293861193,0.668247398060655,426.114343996337,5.70911162136375
0.104,0.132901696584906,0,3.93467818793912,0.038428403155128,67.2689152928495,0.678586820286,457.492672813988,5.47610611364505
0.106,0.133324093408275,0,4.07001281386735,0.0396779918197718,68.2241795928886,0.688668324387821,496.959982732242,5.23302829826702
0.108,0.13441504597952,0,4.20733089934048,0.0409331965841844,69.26316711571,0.698534396261878,541.066501229869,5.01205635920745
0.11,0.136199844201231,0,4.34681885575103,0.0422049124095328,70.3914541682422,0.708267940451516,586.092672825114,4.84308847940001
0.112,0.138648573182188,0,4.48866656728267,0.0435046701503277,71.607237611209,0.717983297170122,628.394358115946,4.75079279340251
0.114,0.14167708527882,0,4.63305172400673,0.0448432917967528,72.9017966640072,0.727814725825269,664.724681914277,4.75221941311171
0.116,0.145152460300374,0,4.78012589494722,0.0462296987050231,74.2605544899572,0.737903668048161,692.505063494389,4.85518590204956
0.118,0.148902520345232,0,4.93000358543797,0.0476700506526514,75.6646163903264,0.7483860080598,710.023837056535,5.05756735245536
0.12,0.15272862926776,0,5.08275515003962,0.0491673049228313,77.0926245598667,0.75938041077778,716.548162744801,5.34753387164267
0.122,0.15642073393673,0,5.23840399374752,0.0507211880440066,78.5227479216042,0.770978458749159,712.343019145587,5.70469222696
0.124,0.159773417875974,0,5.39692805858137,0.0523285045898409,79.9346206905241,0.783236834444101,698.599350719702,6.10200971927925
0.126,0.16260165306033,0,5.55826520925704,0.0539836839521566,81.3110551659529,0.796171556400476,677.281323491945,6.508329859207
0.128,0.164754959621989,0,5.72232182305395,0.0556794783007789,82.6393815604919,0.809754415969604,650.909535149493,6.89123680264732
0.13,0.166128814028084,0,5.88898365806595,0.057407748282358,83.9123076000485,0.82391201488201,622.30236651705,7.21999620840594
0.132,0.166672373084809,0,6.05812791973143,0.059160284925212,85.1282391807981,0.838527861917898,594.300940344522,7.46829808839175
0.134,0.166391885111147,0,6.22963537587342,0.0609296115150991,86.2910559381576,0.853447843800702,569.503987042208,7.61655108656563
0.136,0.16534951560962,0,6.40340139843182,0.062709697466584,87.4093871461127,0.868489180456212,550.037141496765,7.65352400083714
0.138,0.163657693234062,0,6.57934494080629,0.0644965096105078,88.4954787173724,0.883452699134511,537.376946650006,7.57719525251919
0.14,0.16146945144311,0,6.75741468580281,0.0662883342700648,89.563776539802,0.898137821074214,532.243587288653,7.39474876516652
0.142,0.158965571299128,0,6.93759189923678,0.0680858295190653,90.6293716495522,0.912359056306509,534.568885103419,7.12173743358716
0.144,0.156339594071086,0,7.11988986038786,0.0698918030256513,91.7064573953994,0.925962204085152,543.538298339362,6.78051392233362
0.146,0.153781946820162,0,7.30435006872714,0.0717107439149711,92.8069384488672,0.938838126765574,557.698546667921,6.39809429458523
0.148,0.151464495539015,0,7.49103571767238,0.0735481665801605,93.9393086929331,0.950932138654746,575.116827184789,6.00366653920518
0.15,0.149526802785263,0,7.68002316558473,0.0754098579582696,95.1078832166372,0.962247723014899,593.573914953201,5.62598052265811
0.152,0.148065223246106,0,7.8713922967287,0.0773011471394517,96.3124328342535,0.972844205350584,610.771920651343,5.290858312155
0.154,0.147125733225628,0,8.06521671589665,0.0792263089011632,97.5482317011353,0.982828889293769,624.537958352573,5.01904506033063
0.156,0.146701078382544,0,8.26155465240457,0.0811881615950496,98.8064932571513,0.992344849895591,633.007077659546,4.82458157659036
0.158,0.146732464043006,0,8.46044130203127,0.083187856267168,100.075139618655,1.0015560023646,634.77104493569,4.71382344194469
0.16,0.14711563395775,0,8.66188316629912,0.0852248221464105,101.339826414104,1.01063118266809,628.983426722972,4.68516533300063
0.162,0.147710817881382,0,8.8658547841754,0.0872968450518492,102.585129832804,1.01972884900876,615.415517027997,4.72946287940405
0.164,0.148355706162288,0,9.07229807766389,0.0894002792411383,103.795795568308,1.02898377270624,594.461645149941,4.83108604409056
0.166,0.148880357387995,0,9.28112432973785,0.0915303935307523,104.957949990881,1.03849677105696,567.096086313044,4.96949155594539
0.168,0.149122783963105,0,9.49221859018009,0.093681823854355,106.060181411465,1.04832807112976,534.787030200692,5.12116782290255
0.17,0.14894390368523,0,9.70544609959831,0.0958490712217845,107.094412729092,1.05849434292777,499.37574007585,5.26178334314054
0.172,0.148240597649033,0,9.92066017274058,0.0980269740978714,108.056505113117,1.06896905206457,462.931070033907,5.3683581315806
0.174,0.146955771817926,0,10.137710906447,0.100211106570795,108.946554391973,1.07968567748651,427.590818113319,5.42127755113567
0.176,0.145084568333437,0,10.3564540633876,0.10239809134553,109.768865800497,1.0905433647241,395.401910819632,5.40598220482047
0.178,0.142676192447704,0,10.5767594999416,0.10458583734931,110.531616861924,1.10141458360597,368.171104671608,5.31419865306469
0.18,0.139831185329059,0,10.7985185367339,0.106773698479122,111.246240805841,1.11215437092621,347.336769352361,5.14462052035127
0.182,0.136694351669526,0,11.0216497291062,0.108962523017575,111.926582545035,1.12261082798679,333.870471993498,4.90300043205905
0.184,0.133443912591051,0,11.2461026096985,0.111154557531972,112.587894431833,1.13263659299165,328.214675699226,4.60166338342041
0.186,0.130277768795995,0,11.4718591458201,0.11335319387297,113.245748686868,1.14210082272924,330.26011714163,4.25849717605484
0.188,0.127398000134431,0,11.6989328514542,0.115562585319586,113.914947128459,1.15090081650303,339.363577197034,3.89551224929646
0.19,0.124994875735641,0,11.9273656888003,0.117787190700946,114.608506946627,1.1589720776234,354.404024314042,3.53709009279972
0.192,0.123231691277008,0,12.1572230694837,0.120031326701653,115.336794431599,1.16629557318074,373.872660555774,3.20805728789908
0.194,0.122231683297433,0,12.3885874054884,0.122298812907671,116.106867491804,1.17290123238834,395.990336918659,2.93173250066963
0.196,0.122068100210004,0,12.6215507481917,0.12459277344913,116.922073222026,1.17886722032354,418.844169538328,2.72809611702721
0.198,0.122758249927093,0,12.8562070824007,0.126915611706081,117.781929478357,1.18431512226781,440.533988457139,2.61222417647781
0.2,0.124262016300573,0,13.0926448207698,0.129269114977862,118.682300113719,1.189401708004,459.318490559818,2.59310715316818
0.202,0.126484968058168,0,13.3309399963837,0.131654601214353,119.615853009814,1.19430826693524,473.75067999735,2.67294058271475
0.204,0.129285805127389,0,13.571150597973,0.134073011197477,120.57276931229,1.19922858906328,482.792433950153,2.84693437471227
0.206,0.132487529576059,0,13.8133124361425,0.136524878710152,121.541652565772,1.2043565576424,485.898926247575,3.10364875034086
0.208,0.135891421506058,0,14.057436858698,0.139010163022713,122.5105691494,1.20987404460823,483.065265815457,3.42583102096718
0.21,0.139292669546583,0,14.3035105353826,0.141527982560769,123.468138147164,1.21593947287473,474.830101987541,3.79169737348512
0.212,0.14249637021666,0,14.5514974031117,0.144076332232753,124.404581340837,1.22267731162369,462.234069265371,4.17657493272694
0.214,0.145332581570129,0,14.8013427067714,0.14665189169956,125.31264387035,1.23016907502936,446.734630375726,4.554791519712
0.216,0.147669196571456,0,15.0529788919015,0.149250027179011,126.188303886605,1.23844685918669,430.082841266617,4.90167549684005
0.218,0.14942158391779,0,15.3063329109538,0.151865046208373,127.031204979461,1.24749066635894,414.171405119106,5.19550903993384
0.22,0.150558213383641,0,15.5613343191271,0.154490692666228,127.844767422852,1.25723057399491,400.866637673054,5.4192698945195
0.222,0.151101816858843,0,15.817923402577,0.157120798926585,128.635961665266,1.26755420822908,391.839169373109,5.56200406203601
0.224,0.151126007350146,0,16.0760585418029,0.159749975351036,129.414757463081,1.27831897102846,388.408983706748,5.61969750942275
0.226,0.150747655527288,0,16.3357220788364,0.162374224105301,130.193291764385,1.28936734383815,391.41952486857,5.59555773822322
0.228,0.150115675608468,0,16.5969241083328,0.164991397980244,130.984825191335,1.30054297551544,401.15311299456,5.49967061442797
0.23,0.149397170276157,0,16.8597038158693,0.167601461694021,131.802577948769,1.31170543073236,417.296029882281,5.34805649858017
0.232,0.148762103179167,0,17.1241282120859,0.170206539026529,132.658548475648,1.32274203575738,438.95683338557,5.16120529989377
0.234,0.14836778925749,0,17.3902883390418,0.172810743622803,133.562420433894,1.33357577588971,464.736300467352,4.96221748331382
0.236,0.148344507534452,0,17.6582932450778,0.175419804767667,134.520655614016,1.34416867370126,492.842486442529,4.774713521204
0.238,0.148783446969842,0,17.928262227224,0.178040522173237,135.535853211961,1.35452062992217,521.240247755783,4.62069535377769
0.24,0.149728001272014,0,18.2003160075805,0.180680114138713,136.60643158361,1.36466423897084,547.82159352609,4.51854912313507
0.242,0.151169149392528,0,18.4745676168504,0.183345547967409,137.726659490693,1.37465648583065,570.581621889535,4.48136795869671
0.244,0.153045317950301,0,18.7511137811191,0.186042943434217,138.887032943315,1.38456856345017,587.784611940719,4.51574592310165
0.246,0.155246748317924,0,19.0300275387272,0.188777111726125,140.07496388908,1.39447536774208,598.106001741915,4.62115068925936
0.248,0.15762401555804,0,19.3113526715833,0.191551247754781,141.275720588938,1.40444636212432,600.738318346711,4.78992828902057
0.25,0.16,0,19.5951003576144,0.194366761697093,142.473538423325,1.4145391783083,595.452408157794,5.00793541852401
0.252,0.16218432375756,0,19.8812482676575,0.197223232175589,143.652805581858,1.42479640052101,582.609272692365,5.25573965997228
0.254,0.163989057865673,0,20.1697421472195,0.200118478993163,144.799221927623,1.43524475514136,563.122135896035,5.51028034573682
0.256,0.165244398126485,0,20.4604997384328,0.203048767679463,145.900832370411,1.44589510367993,538.372709929783,5.74684591119783
0.258,0.165813008154463,0,20.7534167144066,0.206009158118387,146.948848545376,1.45674177816203,510.089616789161,5.94119941625396
0.26,0.165601836493046,0,21.0483741285613,0.208993990810369,147.938193218009,1.46776074917626,480.200190391707,6.07167310191323
0.262,0.164570422077168,0,21.3452467435321,0.211997471978528,148.867728093226,1.47890716619837,450.669092063495,6.12105507276325
0.264,0.162734991559514,0,21.6439115229807,0.215014289158605,149.740154611046,1.49011338108106,423.338075354629,6.07810632573794
0.266,0.16016799913522,0,21.9442555640844,0.218040177515874,150.561606050907,1.50128861382579,399.780728727465,5.93857471172216
0.268,0.156993135719671,0,22.2461828160632,0.221072363511461,151.340975321684,1.51232123151893,381.184176897599,5.70561358724808
0.27,0.153376208470795,0,22.5496190531556,0.224109826460003,152.089043890928,1.52308437587107,368.266781243864,5.38956479281926
0.272,0.149512632685749,0,22.8545147330525,0.227153335895905,152.817491471683,1.53344528962751,361.237236832954,5.00712438966107
0.274,0.145612557770373,0,23.1608455643562,0.230205248542221,153.537872216625,1.54327799088645,359.796580752331,4.57996948662519
0.276,0.14188484409539,0,23.4686108179508,0.233269087460753,154.260641340019,1.55247801691336,363.180951790151,4.13297748395677
0.278,0.138521201944657,0,23.7778296255536,0.236348970728369,154.994307411856,1.56097710530168,370.239830675959,3.692206612261
0.28,0.135681789609429,0,24.0885356838687,0.239448989946911,155.744771711621,1.56875516282945,379.542158100115,3.28282299119054
0.282,0.133483446171499,0,24.4007709006781,0.242572645418603,156.514898866401,1.57584687793534,389.501240344707,2.92715408569969
0.284,0.131991515733308,0,24.7145785712282,0.245722422205886,157.304344385861,1.58234103201112,398.508653123226,2.64302571599939
0.286,0.13121592194717,0,25.0299966632833,0.248899546180476,158.109646133659,1.58837196674223,405.067313841879,2.44250567767063
0.288,0.131111799381312,0,25.3470517345131,0.252103908950216,158.924569039027,1.59410438368826,407.914364858965,2.33113657181012
0.29,0.131584610760956,0,25.6657539326353,0.255334119390245,159.740675680316,1.59971400833251,406.125379892734,2.30769783151442
0.292,0.132499307747305,0,25.9860934500745,0.258587636949801,160.548080021416,1.60536718050041,399.192612467704,2.36449633501949
0.294,0.133692758464506,0,26.3080387133916,0.261860955557227,161.336328288028,1.61120222419541,387.071540749442,2.48814902468504
0.296,0.134988395186801,0,26.6315364765828,0.265149823764331,162.095340767368,1.61731487415665,370.191844421548,2.66078907834077
0.298,0.136211852821282,0,26.9565138601412,0.268449502749382,162.81634214001,1.62374933351817,349.431184531323,2.86159824565968
0.3,0.137206288210572,0,27.2828822348475,0.271755070257888,163.49270655257,1.63049577382432,326.052711276562,3.06854395777192
0.302,0.137846098501379,0,27.6105426916629,0.275061766328326,164.120647580437,1.63749429395669,301.60998984621,3.26018479729692
0.304,0.138047891515701,0,27.9393926885543,0.278365356393162,164.69969275323,1.64464453858534,277.825816917853,3.41740399164137
0.306,0.137777791024068,0,28.2693333526967,0.281662479112959,165.232897240447,1.6518193896767,256.453933090165,3.52493743564292
0.308,0.137054465952093,0,28.6002768534084,0.284950951194032,165.726771046143,1.65888061853789,239.134615588622,3.57257947938111
0.31,0.1359476294305,0,28.9321532417408,0.288230006003992,166.190917518806,1.66569440705776,227.256271008517,3.55597502652948
0.312,0.134572131591871,0,29.2649161763609,0.291500442063084,166.637406163271,1.67214515671107,221.83521798744,3.47693831698693
0.314,0.133078137739599,0,29.5985470273741,0.294764656355204,167.079926970634,1.6781465839721,223.424748477666,3.34327492173526
0.316,0.131638210433075,0,29.933056970265,0.298026540492669,167.532794161649,1.6836494807479,232.062320064176,3.16812168198335
0.318,0.130432373000131,0,30.2684868457985,0.301291228556548,168.009882388052,1.68864582951056,247.260538836866,2.96885663609515
0.32,0.12963240149308,0,30.6049047587482,0.304564706824854,168.52358662922,1.69316941499105,268.043737017575,2.76566376939311
0.322,0.129386658060571,0,30.9424015996321,0.307853323776385,169.083897223273,1.69729360155397,293.027799543623,2.57986266496463
0.324,0.12980673561749,0,31.2810848696028,0.311163260574176,169.697673150598,1.7011272240644,320.536842059621,2.43213018510428
0.326,0.130957035110665,0,31.6210713430017,0.314500027509768,170.368180154357,1.70480932722136,348.746763210949,2.34075138941528
0.328,0.132848154903656,0,31.9624792050233,0.317868045117249,171.094936941891,1.70850294658793,375.842908673458,2.32004007644684
0.33,0.135434656877198,0,32.3054203493231,0.321270356924703,171.873884828989,1.71238770532953,400.177346066898,2.3790630716095
0.332,0.138617411871057,0,32.6499935003955,0.324708499368847,172.697866266581,1.71665095296527,420.410739659565,2.52078347723707
0.334,0.142250348092103,0,32.9962787345776,0.328182521995355,173.55736811834,1.72147733899213,435.624640425892,2.74170587542888
0.336,0.146151061511334,0,33.3443338322031,0.331691125301386,174.441458849882,1.72703690963311,445.392200958105,3.03206378307275
0.338,0.150114427307315,0,33.6941927252995,0.335231879664502,175.338827742864,1.73347216138901,449.79882106228,3.37654089480934
0.34,0.153928102622791,0,34.0458661153535,0.338801498236829,176.238821454913,1.74088512605381,449.408846872663,3.75546727361156
0.342,0.157388653921954,0,34.3993441267897,0.342396144235417,177.132370424735,1.74932623727789,445.179868232498,4.14638527576804
0.344,0.160316990091259,0,34.7546006527477,0.346011756298287,178.012705484667,1.75878692243945,438.331929037312,4.52584393089832
0.346,0.162571839446961,0,35.1115988642357,0.349644375552569,178.875783571519,1.76919734383861,430.184497220802,4.87125818090137
0.348,0.164060170274639,0,35.4702972110257,0.353290452065786,179.720369875057,1.78042975212074,421.978664654964,5.16266068757233
0.35,0.164743707045985,0,35.8306551670607,0.356947102205038,180.547760252503,1.79230697766433,414.70508852558,5.38417919859168
0.352,0.16464101710107,0,36.1926379918336,0.36061229670935,181.361168917685,1.80461491582935,408.959070415113,5.52509442210993
0.354,0.163825008600814,0,36.5562198967376,0.364284982218188,182.164847711933,1.81711744102596,404.842527566739,5.58037351815457
0.356,0.162416059599435,0,36.921385192177,0.367965152318817,182.963039622686,1.82957198629502,401.928365942573,5.55062992129363
0.358,0.160571358736748,0,37.2881272109923,0.37165386694389,183.758895834342,1.84174412947185,399.296184560725,5.44152505168752
0.36,0.158471350409738,0,37.6564450462299,0.375353185280049,184.553498472225,1.85341999401631,395.639932078872,5.2626935998435
0.362,0.156304415464118,0,38.0263384115084,0.379065963383247,185.345127545352,1.86441596209632,389.438980372903,5.0263332017333
0.364,0.154251062716616,0,38.3978012105862,0.382795488462492,186.128889209842,1.87458573575236,379.175121042147,4.74564368244873
0.366,0.152468945036435,0,38.770814638116,0.386544960387319,186.896784224893,1.88382484894072,363.57031300907,4.43332280687412
0.368,0.151079943120224,0,39.1453407802537,0.390316871502112,187.638243614101,1.89207245018435,341.814625658908,4.10031788101539
0.37,0.150160386373232,0,39.5213177217184,0.394112379949447,188.341098428637,1.89931003249443,313.751603565213,3.75499417207954
0.372,0.149735217899527,0,39.8986570775657,0.397930812393504,188.992888711715,1.9055570961377,279.989921268534,3.40281799736124
0.374,0.149776581302396,0,40.2772446243064,0.401769437037521,189.582360416328,1.91086430215997,241.916208825727,3.04657499908683
0.376,0.150206938147054,0,40.6569442977342,0.405623590169727,190.100955756068,1.91530509686715,201.594631998107,2.68706329092411
0.378,0.150906447165938,0,41.0376053089469,0.409487138933907,190.544080506738,1.91896685299551,161.554334293319,2.3241267629247
0.38,0.102061073738538,0,41.419071618524,0.413353180379078,190.911939754354,1.92194239961193,124.485787052628,1.95783706518571
0.382,0.102320866025105,0,41.8011926126687,0.417214854725377,191.209779308207,1.92432264792579,92.8888715811998,1.58960598662503
0.384,0.102591231629491,0,42.1838336037003,0.421066170231348,191.447455980915,1.9261909611577,68.7322378262013,1.22302184396645
0.386,0.102871103542175,0,42.5668847515439,0.424902749294516,191.638375186481,1.92761983463237,53.1860047214901,0.864254301817623
0.388,0.103159377236577,0,42.950267187687,0.428722394946588,191.797950678518,1.92867018174557,46.4744932397688,0.521951930045431
0.39,0.103454915028125,0,43.3339355158588,0.432525373276458,191.941824645149,1.92939302279669,47.8686969880759,0.20664776712485
0.392,0.103756550564176,0,43.7178764096163,0.436314342995191,192.084116019408,1.92983278451281,55.8105196064315,-0.0702302996790709
0.394,0.104063093427071,0,44.1021036185888,0.440093938280315,192.23594159892,1.93003104038049,68.1399786957522,-0.29759035538258
0.396,0.104373333832178,0,44.4866502098605,0.443870094500759,192.404393385777,1.93002961019748,82.3847895082593,-0.465967133275946
0.398,0.104686047402353,0,44.8715592096471,0.447649257707554,192.592074683065,1.92987243860428,96.0682961538601,-0.568692673781062
0.4,0.105,0,45.2568739246717,0.451437613245287,192.797212854277,1.92960626647141,106.994961941924,-0.602794024839028
0.402,0.105313952597647,0,45.6426291345116,0.455240423345364,193.014290529945,1.9292804742337,113.480612108664,-0.569511296897468
0.404,0.105626666167822,0,46.0288441285836,0.459061524668174,193.235077852793,1.92894649815369,114.505369150016,-0.474385180717936
0.406,0.105936906572929,0,46.4155182755252,0.462903026154014,193.449910817242,1.92865702314539,109.778944410403,-0.326917568089735
0.408,0.106243449435824,0,46.8026294785644,0.466765240121564,193.649046227766,1.92846494003836,99.7191678837052,-0.139854348619936
0.41,0.106545084971875,0,47.1901355071489,0.470646849799851,193.823930714097,1.92842190349791,85.354233855981,0.071827069678477
0.412,0.106840622763423,0,47.577977851824,0.474545274392262,193.968245907014,1.92857622560225,68.1663689908103,0.292120569240601
0.414,0.107128896457825,0,47.9660874773346,0.478457159078457,194.078629383531,1.92896984784381,49.8991005541161,0.505266834557881
0.416,0.107408768370509,0,48.35439167385,0.482378897832453,194.155015894671,1.92963438656804,32.3519383981313,0.696980797489693
0.418,0.107679133974895,0,48.7428211401754,0.486307095001587,194.200590133104,1.930586758154,17.1852732818722,0.855517033091578
0.42,0.107938926261462,0,49.1313164822662,0.490238895676036,194.221385571587,1.9318254128076,5.7550392345981,0.972476737805384
0.422,0.108187119948743,0,49.5198334595145,0.494172160447727,194.225599187588,1.9333283641228,-1.0082469111747,1.04328903364976
0.424,0.108422735529643,0,49.9083465182093,0.498105503613385,194.222716102739,1.93505384428808,-2.66740584990002,1.06733734340585
0.426,0.108644843137107,0,50.2968503704944,0.502038232280847,194.222549993558,1.93694377680166,0.708920313809594,1.04774148650231
0.428,0.108852566213879,0,50.6853595799781,0.505970213609375,194.234304758911,1.93892966476636,8.58570287675866,0.990839796096741
0.43,0.109045084971875,0,51.0739062948196,0.509901674961753,194.265751625672,1.94094004788905,20.0443777993392,0.905438015617187
0.432,0.10922163962751,0,51.4625364298145,0.513832931309393,194.322595867805,1.94290839733426,33.8969874340887,0.801903660981002
0.434,0.109381533400219,0,51.8513047416466,0.517764051563236,194.408081645119,1.94478029796119,48.8174705207702,0.691190179659882
0.436,0.10952413526233,0,52.2402693531719,0.521694516321453,194.52285544153,1.94651905645841,63.4755954151317,0.583877052938742
0.438,0.109648882429441,0,52.6294863380189,0.52562296057181,194.665081214288,1.94810929299074,76.6601798551967,0.489308190934538
0.44,0.109755282581476,0,53.0190049509243,0.529547107240012,194.830776169165,1.9495583497232,87.3806102881399,0.414898697208714
0.442,0.109842915805643,0,53.4088639743636,0.53346396454761,195.014317089351,1.95089539023914,94.9388827751482,0.365659475779734
0.444,0.109911436253643,0,53.7990894671305,0.537370288537489,195.209054892325,1.95216806587415,98.9680175356958,0.34396416831381
0.446,0.109960573506572,0,54.1896939863363,0.541263228461213,195.407970304421,1.95343683150079,99.4363446252809,0.349558807451671
0.448,0.109990133642141,0,54.5806771596623,0.545141011464089,195.604305929756,1.95476739163423,96.6204636152675,0.379794611068642
0.45,0.11,0,54.9720273479505,0.549003509405926,195.792118393604,1.95622212471838,91.0523668554943,0.430048572194971
0.452,0.109990133642141,0,55.3637240703131,0.552852564918374,195.966707102487,1.95785151632927,83.4480985180657,0.494283510318624
0.454,0.109960573506572,0,55.7557408504882,0.556692013918817,196.124891833364,1.95968666496117,74.6263137736486,0.565688993987361
0.456,0.109911436253643,0,56.1480481640532,0.560527403532452,196.265128140916,1.96173388115229,65.425211974539,0.637339487563443
0.458,0.109842915805643,0,56.5406162078718,0.564365453606643,196.387465710906,1.96397223136469,56.6256317935854,0.702808881260763
0.46,0.109755282581476,0,56.9334172684909,0.5682133419695,196.493368714111,1.96635447583655,48.8867609979343,0.756690450281375
0.462,0.109648882429441,0,57.3264275313434,0.572077909656935,196.585427861149,1.96881128126646,42.6991149870551,0.794984186527942
0.464,0.10952413526233,0,57.7196282449411,0.575964886932673,196.667000750914,1.97125811558675,38.3573865428714,0.815326336974545
0.466,0.109381533400219,0,58.1130062305067,0.579878238896997,196.741820114785,1.97360402896995,35.9536806735444,0.817049495345278
0.468,0.10922163962751,0,58.5065538005658,0.583819721953147,196.813608706608,1.97576150353444,35.3897232030141,0.801077558617585
0.47,0.109045084971875,0,58.9002682044439,0.587788721582469,196.885735128933,1.97765649117688,36.4050335551121,0.769677546457497
0.472,0.108852566213879,0,59.2941507374879,0.591782397261845,196.960937467106,1.97923753791804,38.6168955650151,0.726106016862408
0.474,0.108644843137107,0,59.6882056329846,0.595796095432564,197.04113232016,1.98048265892857,41.5673061182994,0.674197588086766
0.476,0.108422735529643,0,60.0824388226518,0.599823930346972,197.127317000861,1.98140268227942,44.7719382835756,0.617944927013116
0.478,0.108187119948743,0,60.476856636337,0.603859409104351,197.219563454355,1.98204024937616,47.7664837857217,0.561114175656006
0.48,0.107938926261462,0,60.8714645341385,0.60789600994886,197.317094528273,1.9824643792992,50.1464598010109,0.506929569695459
0.482,0.107679133974895,0,61.2662660050176,0.611927689549611,197.418427085613,1.98276125458929,51.5975690892031,0.457848702343439
0.484,0.107408768370509,0,61.6612617728793,0.615949339324036,197.521562456325,1.98302258813787,51.9148669655012,0.415437765494095
0.486,0.107128896457825,0,62.0564493912405,0.619957195453304,197.624202983761,1.98333349764606,51.0101882162398,0.380345499765884
0.488,0.106840622763423,0,62.4518232070788,0.623949153394891,197.723973623283,1.98376197746084,48.9084067575458,0.352365880390126
0.49,0.106545084971875,0,62.8473745940002,0.627924901699572,197.818629180326,1.98435156297462,45.734046115774,0.330572688327454
0.492,0.106243449435824,0,63.2430923365973,0.63188581012875,197.906230524054,1.98511774028259,41.6904627583356,0.313504253759951
0.494,0.105936906572929,0,63.6389630883616,0.635834577200218,197.985276979677,1.98604758810394,37.0342508287385,0.299374676948732
0.496,0.105626666167822,0,64.0349718835343,0.639774719414478,198.054787125076,1.98710165815672,32.0476594869884,0.286289518201793
0.498,0.105313952597647,0,64.4311027143006,0.643710023437372,198.114326016821,1.98821738306215,27.0116913841428,0.272448357570158
0.5,0.105,0,64.8273391778534,0.647644073006159,198.163982499347,1.98931389648501,22.182201320161,0.256320957915158
0.502,0.104686047402353,0,65.2236651717729,0.651579924374655,198.204304723973,1.99029847137973,17.7707924028811,0.236785739727862
0.504,0.104373333832178,0,65.620065585707,0.655519954593131,198.236204887334,1.99107466982458,13.9316793230341,0.213219574493525
0.506,0.104063093427071,0,66.0165269078451,0.65946585365404,198.260845516584,1.99155191796208,10.7550257455702,0.185529837403484
0.508,0.103756550564176,0,66.4130376527841,0.663418693795481,198.279519518639,1.99165571931601,8.26663165277434,0.154125907261334
0.51,0.103454915028125,0,66.8095885445024,0.667379010978532,198.293534910357,1.99133722879268,6.4332999791936,0.119836912588747
0.512,0.103159377236577,0,67.2061724474905,0.67134687015512,198.304113090256,1.99058065839223,5.17278669025858,0.0837914396197342
0.514,0.102871103542175,0,67.6027840933558,0.675321921852367,198.3123071918,1.98940719411042,4.36695599133369,0.0472793871922806
0.516,0.102591231629491,0,67.9994196716999,0.679303466256678,198.318944739776,1.98787473126811,3.8766310828804,0.0116154330851563
0.518,0.102320866025105,0,68.3960763501403,0.683290530282995,198.324596504148,1.98607346295539,3.55664666806007,-0.0219805955145216
0.52,0.102061073738538,0,68.7927517786852,0.687281952662681,198.329571119126,1.98411790927377,3.2697554440103,-0.0524767837301947
0.522,0.101812880051257,0,69.1894436218916,0.691276464902812,198.33393293889,1.98213634821301,2.89829019683845,-0.079091404219868
0.524,0.101577264470357,0,69.586149145639,0.695272748353693,198.337539004927,1.98025889930631,2.3528028839036,-0.101324082130636
0.526,0.101355156862893,0,69.9828648738314,0.699269448197541,198.340089988362,1.97860570292534,1.57725535808045,-0.118958277588248
0.528,0.101147433786121,0,70.3795863349247,0.703265143552295,198.341189483173,1.97727664133425,0.55068615478432,-0.1320408691957
0.53,0.100954915028125,0,70.7763079317449,0.707258300541242,198.340405991919,1.97634382888659,-0.714406279977062,-0.140847773836021
0.532,0.10077836037249,0,71.1730229708539,0.711247251070677,198.337332283299,1.97584766877474,-2.17646221592496,-0.145843891018148
0.534,0.100618466599781,0,71.5697238665907,0.715230230013178,198.331637380959,1.97579663624792,-3.77134816247183,-0.147640527684253
0.536,0.10047586473767,0,71.9664024958291,0.719205472732129,198.323107231462,1.97617022706464,-5.42013133164768,-0.14694850446941
0.538,0.100351117570559,0,72.3630506451153,0.723171345659267,198.31167125576,1.97692403088236,-7.03731638828754,-0.144524927756552
0.54,0.100244717418524,0,72.7596604831859,0.727126475861278,198.297413593747,1.97799589062899,-8.53877502053071,-0.141115163514281
0.542,0.100157084194357,0,73.1562250094237,0.731069861910919,198.280569598349,1.97931241939895,-9.84871431222148,-0.137394279874147
0.544,0.100088563746357,0,73.5527384535498,0.735000969318973,198.26150951466,1.98079536138184,-10.9051865966641,-0.133911958640295
0.546,0.100039426493428,0,73.9491966138147,0.738919819958909,198.24071206949,1.98236725111812,-11.663825132364,-0.131044011592131
0.548,0.100009866357859,0,74.3455971159468,0.742827072848859,198.218731101082,1.98395578179912,-12.0996807680972,-0.128955010567104
0.55,0.1,0,74.7419395639959,0.746724074940476,198.196158619296,1.98549647624932,-12.2072165594018,-0.127578955034724
0.552,0.100009866357859,0,75.1382255494678,0.750612848420051,198.173587782524,1.98693360765995,-11.9986721973965,-0.126624719194555
0.554,0.100039426493428,0,75.5344584939288,0.754495983201593,198.151579118526,1.98821969113288,-11.5011262624966,-0.125609049591163
0.556,0.100088563746357,0,75.9306433268634,0.758376424585815,198.130632930251,1.98931421369402,-10.7526571989636,-0.123914174593711
0.558,0.100157084194357,0,76.3267860423906,0.762257184170454,198.111170163092,1.99018245418217,-9.79803363160187,-0.1208620379026
0.56,0.100244717418524,0,76.7228932169863,0.766141038692452,198.093522895877,1.99079500902785,-8.68435466723212,-0.11579440799985
0.562,0.100351117570559,0,77.1189715810849,0.770030291977576,198.07793417485,1.99112802680681,-7.45701762142846,-0.108148707354705
0.564,0.10047586473767,0,77.5150277139062,0.773926652968825,198.064565694987,1.9911636528347,-6.15632167108662,-0.0975227096741192
0.566,0.100618466599781,0,77.9110678894218,0.777831243947395,198.053511324376,1.99089022283708,-4.81492815284208,-0.0837245102695854
0.568,0.10077836037249,0,78.3070980623279,0.781744717482637,198.044814610035,1.99030223777589,-3.45629900440159,-0.0668047827438829
0.57,0.100954915028125,0,78.7031239573328,0.78566743905507,198.038488759388,1.98940065471786,-2.09413407345806,-0.0470667537232519
0.572,0.101147433786121,0,79.0991512152407,0.789599686542434,198.034537749687,1.98819414181258,-0.732737477676761,-0.0250490566856283
0.574,0.101355156862893,0,79.4951855506658,0.793541822923105,198.032977047543,1.98670156498261,0.631827943648624,-0.00148016606004676
0.576,0.101577264470357,0,79.8912328808631,0.797494406457812,198.033852099198,1.98495531352953,2.00998797299121,0.0227913498514951
0.578,0.101812880051257,0,80.2872993891667,0.801458209091761,198.037252614266,1.98300450920751,3.41652388816714,0.0468824702640177
0.58,0.102061073738538,0,80.6833914942907,0.805434123170386,198.043320970533,1.9809169827814,4.86828404611935,0.0699672247428251
0.582,0.102320866025105,0,81.0795157148418,0.809422955300531,198.052253802351,1.97877917499344,6.38195301905967,0.091363434313375
0.584,0.102591231629491,0,81.475678443852,0.813425131413085,198.064296706665,1.97669357093916,7.97206201816673,0.110604362866301
0.586,0.102871103542175,0,81.8718856714465,0.817440359377577,198.079732696148,1.97477362643426,9.64938346995714,0.127486756363826
0.588,0.103159377236577,0,82.2681427126883,0.821467312829979,198.098865511652,1.97313637609219,11.419805302095,0.14209036821795
0.59,0.103454915028125,0,82.6644540138729,0.825503414094325,198.121999356705,1.97189321691697,13.2837312119468,0.154768787684206
0.592,0.103756550564176,0,83.0608231158423,0.829544797172482,198.149417093275,1.97113979758855,15.236004823292,0.166115216276533
0.594,0.104063093427071,0,83.4572528335778,0.833586510281614,198.181359254626,1.97094631854988,17.2663106578521,0.176908080313583
0.596,0.104373333832178,0,83.8537456640612,0.837622968167658,198.218006195892,1.97134965398915,19.3599673183665,0.18804090685596
0.598,0.104686047402353,0,84.2503043723595,0.841648600742081,198.259465313355,1.9723485200329,21.4990026616222,0.20044110749943
0.6,0.105,0,84.6469326519735,0.845658589483159,198.305764607949,1.97390249915424,23.6633884227694,0.21498360584251
0.602,0.105313952597647,0,85.0436357272736,0.849649554127093,198.356852995655,1.97593511330505,25.8323109176913,0.232405832846996
0.604,0.105626666167822,0,85.4404207686383,0.853620054789312,198.412606794305,1.97834041249582,27.985363437547,0.253229822662247
0.606,0.105936906572929,0,85.837297026073,0.857570810122486,198.472841041864,1.9809919910667,30.1035646878176,0.277696664734771
0.608,0.106243449435824,0,86.2342756512812,0.861504597029127,198.537323965785,1.98375318613408,32.1701354641873,0.305720119922158
0.61,0.106545084971875,0,86.6313692507409,0.865425871065306,198.605792944774,1.98648735917157,34.1709988154626,0.336868693459691
0.612,0.106840622763423,0,87.0285912642936,0.869340199857367,198.677970491368,1.98906741451854,36.0950003518349,0.370385022169866
0.614,0.107128896457825,0,87.4259552826056,0.873253622010313,198.753579109963,1.99138403994931,37.9338694905994,0.405245411533123
0.616,0.107408768370509,0,87.8234744075609,0.877172035936913,198.832354270138,1.99335248763587,39.6819589710873,0.440253034620203
0.618,0.107679133974895,0,88.2211607278534,0.881100692342057,198.914054897354,1.99491777577655,41.3358121221048,0.47415094786084
0.62,0.107938926261462,0,88.6190249337114,0.88504381659811,198.99847068551,1.99605795766307,42.8936163666182,0.505738393223041
0.622,0.108187119948743,0,89.0170760474308,0.889004340513138,199.085425595454,1.99678500834612,44.3546052950784,0.533974616055125
0.624,0.108422735529643,0,89.4153212270844,0.892983703847864,199.174777395431,1.99714321038705,45.7184692020735,0.55805733099458
0.626,0.108644843137107,0,89.8137656239989,0.896981708989567,199.266413709117,1.99720538160948,46.9848271372204,0.577468537216778
0.628,0.108852566213879,0,90.212412323686,0.900996460845414,199.360245267995,1.99706739825342,48.152804140732,0.59198810491335
0.63,0.109045084971875,0,90.6112624349225,0.905024458405145,199.45619684321,1.99684116423432,49.2207448667874,0.601682058192243
0.632,0.10922163962751,0,91.0103153813453,0.909060893394445,199.554196074237,1.99664588279688,50.1860782867188,0.606874300258981
0.634,0.109381533400219,0,91.409569397375,0.913100158188988,199.654160566907,1.99659764768376,51.0453292815617,0.60810763108543
0.636,0.10952413526233,0,91.8090221673962,0.917136501631906,199.755984211226,1.99679798865681,51.7942560156375,0.606095737124993
0.638,0.109648882429441,0,92.2086715062912,0.921164730026639,199.859524285104,1.99732268577448,52.4280811840281,0.601666125116563
0.64,0.109755282581476,0,92.6085159717787,0.925180842528443,199.964591210247,1.99821254457951,52.9417816697484,0.595695635653085
0.642,0.109842915805643,0,93.0085553149643,0.929182505863157,200.070942698246,1.99946777831787,53.3304025811415,0.589042954826393
0.644,0.109911436253643,0,93.4087907018329,0.933169299537573,200.178283501445,2.00104719896124,53.5893647230483,0.582483446241566
0.646,0.109960573506572,0,93.8092246725042,0.937142696852727,200.286271174619,2.0028726806157,53.7147378889347,0.576649929785333
0.648,0.109990133642141,0,94.2098608488556,0.941105790989215,200.394527367136,2.00483852974846,53.7034577460184,0.571981354433544
0.65,0.11,0,94.6107034468899,0.945062821473341,200.502653409778,2.00682468188395,53.5534739038717,0.568682834607255
0.652,0.109990133642141,0,95.0117566829464,0.949018589385155,200.610248359584,2.00871206576944,53.2638293713281,0.566704396665274
0.654,0.109960573506572,0,95.4130241726279,0.952977859804035,200.716927154411,2.01039796818106,52.8346811192992,0.565746930754781
0.656,0.109911436253643,0,95.8145084092051,0.956944838220838,200.822336284074,2.0118089756808,52.2672736280357,0.56529875955284
0.658,0.109842915805643,0,96.2162103845183,0.96092278421935,200.926164760813,2.0129094209474,51.563874218521,0.564697550465225
0.66,0.109755282581476,0,96.618129389866,0.964913800442637,201.028149204102,2.0137042596973,50.727676531571,0.563206138229753
0.662,0.109648882429441,0,97.0202630059886,0.968918806664972,201.128073074296,2.01423648428195,49.7626798172943,0.560090347107188
0.664,0.10952413526233,0,97.4226072541409,0.972937671773294,201.225760928362,2.01457997788779,48.6735544791382,0.5546898145102
0.666,0.109381533400219,0,97.8251568404761,0.976969436712455,201.321068891246,2.01482899561274,47.4655052309248,0.546475587032872
0.668,0.10922163962751,0,98.2279054062787,0.981012541710039,201.413872666734,2.01508555679544,46.1441422556044,0.535090484678392
0.67,0.109045084971875,0,98.6308457183902,0.985064992797882,201.504054624283,2.01544622093144,44.7153696199476,0.520371120022822
0.672,0.108852566213879,0,99.0339697899738,0.989124458302268,201.591491670504,2.01598987536044,43.1852989144959,0.502353554865143
0.674,0.108644843137107,0,99.4372689731685,0.993188337216653,201.676045497041,2.01676803868384,41.5601933413244,0.481266190869265
0.676,0.108422735529643,0,99.8407340798897,0.997253855896095,201.757556336952,2.01779872594723,39.8464426859477,0.457512712929401
0.678,0.108187119948743,0,100.244355568263,1.00131823058515,201.835840704468,2.01906427370083,38.0505635690536,0.431645191629927
0.68,0.107938926261462,0,100.648123802214,1.00537890317886,201.910693004669,2.0205129494216,36.1792140837844,0.404324559003724
0.682,0.107679133974895,0,101.052029362749,1.00943382853332,201.981890606838,2.02206389493167,34.2392100219812,0.376265153735172
0.684,0.107408768370509,0,101.456063364642,1.01348176675417,202.049201933757,2.02361493179917,32.2375330245696,0.348163599141302
0.686,0.107128896457825,0,101.860217719803,1.01752252141555,202.112397085914,2.02505274348948,30.1813282088976,0.320619099456339
0.688,0.106840622763423,0,102.264485296299,1.02155707238677,202.171260331882,2.02626477962873,28.0778967350172,0.294059051172849
0.69,0.106545084971875,0,102.668859942385,1.02558757234491,202.22560342248,2.02715186906042,25.9346933376309,0.2686868026357
0.692,0.106243449435824,0,103.073336360458,1.02961719171471,202.275278205703,2.02764005863178,23.7593373340546,0.244464950955729
0.694,0.105936906572929,0,103.477909821925,1.03364980291523,202.320186726436,2.02768990876906,21.5596382475831,0.221138200167572
0.696,0.105626666167822,0,103.882575724901,1.03768950582798,202.360287234096,2.02730171953744,19.3436282218677,0.198288948952903
0.698,0.105313952597647,0,104.287329027794,1.0417400276511,202.395595283268,2.02651592252004,17.1195888045029,0.175412487207504
0.7,0.105,0,104.692163640997,1.045804079538,202.426180045887,2.02540880352832,14.8960614043916,0.151998976408399
0.702,0.104686047402353,0,105.097071902365,1.04988279600551,202.45215673118,2.02408449241456,12.6818350203686,0.127612547878927
0.704,0.104373333832178,0,105.502044267896,1.05397538887707,202.473676456228,2.02266459514206,10.4859076555723,0.101959827721748
0.706,0.104063093427071,0,105.907069303727,1.05807910228739,202.490914959093,2.02127688388014,8.31741906045644,0.0749408231568902
0.708,0.103756550564176,0,106.312133988612,1.06218947837166,202.504061297623,2.02004420292104,6.18555386910277,0.0466760877654147
0.71,0.103454915028125,0,106.717224261868,1.06630086909147,202.5133073656,2.01907442675718,4.09941695621549,0.0175064868773257
0.712,0.103159377236577,0,107.122325709501,1.0704070873694,202.518838872334,2.01845211049796,2.06788723832032,-0.0120340819218781
0.714,0.102871103542175,0,107.527424283869,1.07450209334416,202.520828394647,2.01823242505447,0.0994608738803502,-0.0412683421969052
0.716,0.102591231629491,0,107.932506985053,1.07858064431725,202.51943106686,2.01843791575776,-1.79790249337286,-0.0694407172350887
0.718,0.102320866025105,0,108.337562461092,1.08263886589846,202.514783241736,2.01905838002499,-3.6169164200565,-0.0957907101131203
0.72,0.102061073738538,0,108.742581489548,1.08667470706929,202.507004066765,2.02005376055997,-5.35107312733366,-0.119627073409566
0.722,0.101812880051257,0,109.147557293334,1.09068823222358,202.496199551004,2.02135957092369,-6.99470339655475,-0.140394129869387
0.724,0.101577264470357,0,109.552485639967,1.09468169936604,202.482468385951,2.02289404923322,-8.54297844823964,-0.157721890334643
0.726,0.101355156862893,0,109.957364688523,1.09865938856475,202.465908520227,2.02456596493944,-9.99184648473382,-0.171454511090648
0.728,0.101147433786121,0,110.362194583453,1.10262717955951,202.446623412376,2.02628192490828,-11.3379039052891,-0.181656074831139
0.73,0.100954915028125,0,110.76697684311,1.10659192590232,202.424727124605,2.02795226595873,-12.5782090866932,-0.188596833128478
0.732,0.10077836037249,0,111.171713639142,1.11056072123245,202.400347907117,2.02949511796961,-13.710053049715,-0.192724762925412
0.734,0.100618466599781,0,111.576407088318,1.11454017853727,202.373630467566,2.03083878608456,-14.7307047398912,-0.194625242131527
0.736,0.10047586473767,0,111.981058664605,1.11853582943563,202.344737509403,2.03192301891315,-15.6371504984077,-0.194968030218199
0.738,0.100351117570559,0,112.385668795748,1.12255170694846,202.313851205031,2.03269984935049,-16.4258514905519,-0.194440425921412
0.74,0.100244717418524,0,112.790236661769,1.12659012849779,202.2811750249,2.03313449370355,-17.0925507726741,-0.19367063516754
0.742,0.100157084194357,0,113.194760179704,1.13065166300274,202.246935901588,2.03320640082653,-17.6321692438755,-0.193152378476352
0.744,0.100088563746357,0,113.599236138364,1.13473524569382,202.211386326942,2.03291021182486,-18.0388309768257,-0.193184903943151
0.746,0.100039426493428,0,114.003660436618,1.13883839436729,202.174805867672,2.03225632574098,-18.3060510281286,-0.193839963127544
0.748,0.100009866357859,0,114.408028383813,1.14295748636315,202.137501677557,2.03127089843371,-18.4271046345393,-0.194961425073366
0.75,0.1,0,114.812335039671,1.14708807477733,202.099807663563,2.0299952035542,-18.3955779698558,-0.196196772043351
0.752,0.100009866357859,0,115.21657558753,1.15122523948137,202.062081946986,2.02848426687178,-18.2060786228147,-0.19705385736615
0.754,0.100039426493428,0,115.620745732753,1.15536396696126,202.024702247434,2.02680463997177,-17.8550606826191,-0.196972161515947
0.756,0.100088563746357,0,116.024842096348,1.15949953165712,201.988058926273,2.02503122135274,-17.3416976611184,-0.195396764327778
0.758,0.100157084194357,0,116.428862550437,1.16362782823476,201.952545689987,2.02324319224594,-16.6687181593328,-0.191845164760274
0.76,0.100244717418524,0,116.83280643877,1.16774560084001,201.918548300593,2.0215193395215,-15.8431046919159,-0.185960065861978
0.762,0.100351117570559,0,117.236674648547,1.17185053805978,201.886431936597,2.01993316113389,-14.8765468204856,-0.177543940408839
0.764,0.10047586473767,0,117.640469539015,1.17594124088655,201.856528004268,2.01854811245746,-13.785538746291,-0.166573677742853
0.766,0.100618466599781,0,118.044194769439,1.18001710698586,201.829121309951,2.01741326590977,-12.5910216211357,-0.153195992747614
0.768,0.10077836037249,0,118.447855081774,1.18407818585512,201.804438797418,2.01655976981603,-11.317493530928,-0.137705907327398
0.77,0.100954915028125,0,118.851456073244,1.18812503755859,201.782641501049,2.0159988009462,-9.99154647193497,-0.120511372408511
0.772,0.101147433786121,0,119.25500396363,1.19215859535327,201.763821516397,2.01572178600237,-8.63984059264189,-0.102087927275835
0.774,0.101355156862893,0,119.658505355251,1.1961800236377,201.748005271291,2.01570317432213,-7.28659038584503,-0.0829287002268667
0.776,0.101577264470357,0,120.061967005446,1.20019058267063,201.735163364667,2.01590517187121,-5.95071111074039,-0.0634963392076897
0.778,0.101812880051257,0,120.465395654281,1.20419153296483,201.725226278641,2.01628316230831,-4.64284998733235,-0.0441837232466402
0.78,0.102061073738538,0,120.868797948248,1.2081841095628,201.718104824474,2.01679051187626,-3.36259764177573,-0.0252890456784838
0.782,0.102320866025105,0,121.272180474986,1.21216957091744,201.713714247422,2.01738206487946,-2.0962315797491,-0.00700778919445469
0.784,0.102591231629491,0,121.675549893939,1.21614929841079,201.712000983616,2.01801635480484,-0.815375452832831,0.0105604184896962
0.786,0.102871103542175,0,122.078913130175,1.22012490762241,201.712970633551,2.01865683787962,0.523043332813092,0.0273967400254564
0.788,0.103159377236577,0,122.482277596434,1.22409833455192,201.716714851209,2.01927229716445,1.97519717808056,0.0435496577744564
0.79,0.103454915028125,0,122.885651414058,1.22807187109006,201.723434083875,2.01983642519417,3.60687075635978,0.0591327737169999
0.792,0.103756550564176,0,123.289043608151,1.23204813537051,201.733452850475,2.02032679572457,5.48796617303695,0.0743384440326642
0.794,0.104063093427071,0,123.692464252213,1.23602996975426,201.747224436382,2.02072380463526,7.68506739212174,0.0894621301786342
0.796,0.104373333832178,0,124.095924532644,1.24002026157322,201.765322208948,2.02101030246094,10.2523571633009,0.104922841850993
0.798,0.104686047402353,0,124.499436701185,1.24402168584839,201.788415178487,2.02117243653828,13.2214420918109,0.121262071869084
0.8,0.105,0,124.903013893803,1.24803638427038,201.817226179634,2.02120185622034,16.5909201807956,0.139109349433137
0.802,0.105313952597647,0,125.306669818158,1.25206562029575,201.852472273223,2.02109904800915,20.3167882382263,0.159113364873612
0.804,0.105626666167822,0,125.710418338709,1.25610947535531,201.894788596596,2.0208771325582,24.3049948302516,0.181847980717909
0.806,0.105936906572929,0,126.114273006608,1.26016666297389,201.944638877205,2.02056503656583,28.4075577312666,0.207708643901761
0.808,0.106243449435824,0,126.518246579912,1.26423452479289,202.002218257669,2.02020881122004,32.4236459770809,0.23681592640676
0.81,0.106545084971875,0,126.922350557,1.26830923344052,202.067356889109,2.01987017480928,36.1068449970201,0.268940338113277
0.812,0.106840622763423,0,127.326594716667,1.27238617689452,202.139435489503,2.01962196372469,39.1794577836916,0.303457839870384
0.814,0.107128896457825,0,127.730986639729,1.27646045578768,202.217326134153,2.01954081927991,41.3541381657886,0.339339928598626
0.816,0.107408768370509,0,128.13553118786,1.28052739973284,202.299372459548,2.019697978894,42.3624153927893,0.375177368501171
0.818,0.107679133974895,0,128.540229944573,1.28458301227907,202.383422853494,2.02014943709249,41.9887868866603,0.409234725952069
0.82,0.107938926261462,0,128.945080682675,1.28862429154115,202.46692779622,2.02092697629771,40.1080864255591,0.439534507384988
0.822,0.108187119948743,0,129.350076989335,1.29264942546021,202.547108113243,2.02203159121847,36.7228594670963,0.463972699196998
0.824,0.108422735529643,0,129.755208218585,1.29665789511992,202.621194408807,2.02343054133884,31.9965997152638,0.480468816226932
0.826,0.108644843137107,0,130.160459931542,1.30065051983947,202.68672960999,2.02505869487379,26.2780445219651,0.48715186722417
0.828,0.108852566213879,0,130.565814929062,1.30462944882786,202.741917039354,2.02682420761655,20.1114233364883,0.482578746039836
0.83,0.109045084971875,0,130.9712548991,1.30859806661735,202.785986579136,2.02861805974866,14.2277302378575,0.465973349929851
0.832,0.10922163962751,0,131.376762621942,1.31256076357762,202.819542162707,2.03032651098356,9.51285717526237,0.437464914129415
0.834,0.109381533400219,0,131.782324625625,1.31652255122207,202.844846071635,2.03184507075538,6.94985263838119,0.398296525121845
0.836,0.10952413526233,0,132.187934157317,1.32048856651873,202.865990530198,2.03309209858554,7.53467927229529,0.350972170141474
0.838,0.109648882429441,0,132.593594301111,1.32446357000196,202.88890623156,2.03401977649898,12.167577626177,0.299312392322377
0.84,0.109755282581476,0,132.999320996078,1.32845155755244,202.921162209365,2.0346203276639,21.5253603542544,0.24839267181174
0.842,0.109842915805643,0,133.405145590139,1.33245556366685,202.971523031164,2.03492630577348,35.923429154023,0.204343744691141
0.844,0.109911436253643,0,133.811116441106,1.33647765837179,203.049247735631,2.03500526157536,55.179703381873,0.173999147550252
0.846,0.109960573506572,0,134.217299001579,1.34051907351298,203.163139323829,2.03495038938663,78.4955745205403,0.164383058065982
0.848,0.109990133642141,0,134.623773847644,1.34458037403796,203.320382479078,2.03486937231292,104.370999868902,0.182041796487426
0.85,0.11,0,135.030632243331,1.34866161856479,203.525238703066,2.03487356473869,130.571449914788,0.232236555635687
0.852,0.109990133642141,0,135.437969039692,1.35276249298682,203.777699710775,2.03506904339529,154.163185610092,0.318034820974808
0.854,0.109960573506572,0,135.845872947166,1.35688241144634,204.072228396122,2.03555006855254,171.629909784562,0.439362793811563
0.856,0.109911436253643,0,136.254414487427,1.3610205653448,204.396738162745,2.03639441263706,179.078008260565,0.592106388714741
0.858,0.109842915805643,0,136.663632245686,1.36517590085871,204.731971957719,2.03765928787801,172.529389953545,0.767368521368395
0.86,0.109755282581476,0,137.073518392433,1.36934703191427,205.051437902884,2.03937648854261,148.290657510497,0.95100128767972
0.862,0.109648882429441,0,137.484004760964,1.37353211970037,205.322035218441,2.04154574357417,103.3756338895,1.12353033584448
0.864,0.10952413526233,0,137.89495098762,1.37772874660303,205.505459606598,2.04412597631619,35.9461452257858,1.26057380397611
0.866,0.109381533400219,0,138.306136314137,1.38193379436548,205.560410864391,2.04702510635545,-54.275206745093,1.33382964811775
0.868,0.10922163962751,0,138.717256601663,1.38614333136744,205.445539143796,2.05008998893321,-165.675050380434,1.31266252875291
0.87,0.109045084971875,0,139.127927889433,1.39035253222601,205.122964975245,2.0530987496514,-294.560664811589,1.16626348214521
0.872,0.108852566213879,0,139.537697409938,1.39455567697605,204.562100767668,2.05575803318986,-435.168577243326,0.866283844293964
0.874,0.108644843137107,0,139.94606232075,1.39874627919526,203.743400813392,2.0577075507915,-579.914367243195,0.389765226941699
0.876,0.108422735529643,0,140.352495555324,1.40291736571455,202.66158929465,2.05853359867215,-719.905189540807,-0.277891267088179
0.878,0.108187119948743,0,140.756477217207,1.40706189319543,201.327881356175,2.05779183334588,-845.701659886794,-1.14023884592493
0.88,-0.0317239809552911,0,141.157528968192,1.41117325186658,199.770744064876,2.05503789164286,-948.26845003074,-2.18773936048959
0.882,-0.032490852520422,0,141.555248047413,1.41524577421146,198.034865133351,2.04986297541585,-1019.99929378349,-3.39670103270189
0.884,-0.0330360977651461,0,141.949337107806,1.41927514950016,196.178218570735,2.04193060474082,-1055.66044662692,-4.72946385137913
0.886,-0.0332020296770265,0,142.339626167538,1.42325866779541,194.26741346747,2.03101046515699,-1053.09178939049,-6.13595652842072
0.888,-0.0328587563632049,0,142.726083722715,1.42719527696986,192.37181339454,2.01700556442304,-1013.54666299789,-7.55657089561826
0.89,-0.0319164402128898,0,143.108815331063,1.43108549409795,190.557130306606,1.99996963111935,-941.62291783805,-8.92612382619071
0.892,-0.0303342622512213,0,143.488049489101,1.43493122920147,188.879274014977,1.98011274897195,-844.809371038027,-10.1785410002227
0.894,-0.0281253287176261,0,143.864112107994,1.43873555333072,187.379178291535,1.95779451624547,-732.72498971917,-11.2518207274859
0.896,-0.0253570934099782,0,144.237392141805,1.44250240727919,186.079164851172,1.93350527031491,-616.158656198816,-12.0928184695109
0.898,-0.0221472414697897,0,144.608301813266,1.44623623405623,184.981190871857,1.9078368609171,-506.028446393252,-12.6614211218745
0.9,-0.0186553571706125,0,144.977235350999,1.44994153454716,184.067092149667,1.8814451050313,-412.375286850931,-12.9337420898237
0.902,-0.0150710486417314,0,145.344530179321,1.45362237839084,183.30071217458,1.85500664812789,-343.490531750818,-12.9040570119194
0.904,-0.0115994972386393,0,145.710434115414,1.4572819330424,182.631619586346,1.82917364796346,-305.253760729101,-12.5853122759796
0.906,-0.0084456139958832,0,146.075081399342,1.46092209062067,181.999977841134,1.80453032608777,-300.72900576835,-12.0081683534714
0.908,-0.00579810244008221,0,146.438479414351,1.46454327090406,181.342049869001,1.78155557107473,-330.037744269903,-11.2186757598671
0.91,-0.00381473629194813,0,146.800506866691,1.46814445969376,180.595798748435,1.76059507905063,-390.498465418631,-10.2748067644859
0.912,-0.00261006145959759,0,147.160923098382,1.47172350076783,179.706078522647,1.74184507793576,-476.99830829045,-9.24216468621814
0.914,-0.00224653242335806,0,147.519387204131,1.47527759661843,178.628987586587,1.72534803758048,-582.544361917474,-8.18925397032195
0.916,-0.00272981014491116,0,147.875484811884,1.4788039076362,177.335067210982,1.71099947514721,-698.931802214038,-7.18271379746453
0.918,-0.00400860545020193,0,148.228759847137,1.48230010566438,175.811154683056,1.69856422158601,-817.463021352498,-6.28289606166849
0.92,-0.00597907687923768,0,148.578748372021,1.48576475577754,174.060829803278,1.68770017114411,-929.655220404698,-5.54011093336998
0.922,-0.00849341634466176,0,148.925011650969,1.48919745750858,172.103513144267,1.67798733910369,-1027.88198956275,-4.9917814697328
0.924,-0.0113719107297528,0,149.267165886283,1.49259874273833,169.972376019841,1.66895985942552,-1105.90550232479,-4.66065653839685
0.926,-0.0144174813947235,0,149.604906522192,1.49596977673254,167.711300417303,1.66013841963156,-1159.26862255734,-4.55413989910823
0.928,-0.0174315001588422,0,149.938025578984,1.49931193464526,165.371179928686,1.6510607408615,-1185.52931815925,-4.66470968386436
0.93,-0.020229576530885,0,150.266421106736,1.50262633751693,163.005879705993,1.64130818838555,-1184.33244363935,-4.97133002272308
0.932,-0.0226560153553852,0,150.590098498714,1.50591343818752,160.668175777992,1.6305273643831,-1157.32555373836,-5.44169632465051
0.934,-0.0245957562368372,0,150.909164024218,1.50917274288516,158.405973902719,1.61844633189528,-1107.93542820959,-6.03510927811885
0.936,-0.0259828167669113,0,151.223811476277,1.51240272674632,156.259068646331,1.60488560667722,-1041.03001833294,-6.70574269768375
0.938,-0.0268045532125114,0,151.534303249287,1.51560095329476,154.256648634755,1.58976400454858,-962.496293169251,-7.40605863733776
0.94,-0.0271014007118986,0,151.840947458724,1.5187643569138,152.415688859379,1.57309902534626,-878.767855847911,-8.09012904139622
0.942,-0.0269621312528166,0,152.144072894111,1.52188961328722,150.740300981395,1.55500127322583,-796.337275807385,-8.7166447902573
0.944,-0.0265150405445398,0,152.444003664508,1.52497351839627,149.222042821013,1.53566286843545,-721.287034412289,-9.25142795303588
0.946,-0.0259158134028231,0,152.741035354941,1.52801332045601,147.841122590542,1.51534066876444,-658.870068875504,-9.6693070564169
0.948,-0.0253330933515323,0,153.035414352907,1.53100698068696,146.568374999076,1.49433582128761,-613.166390940164,-9.95526252756774
0.95,-0.0249329728972844,0,153.327321722785,1.5339533565556,145.367837907585,1.47297140810519,-586.836406074532,-10.1047968994168
0.952,-0.0248637105257166,0,153.616862625356,1.53685230431456,144.199722428226,1.45156986515148,-580.984625522003,-10.1235329365751
0.954,-0.0252419614670697,0,153.904061839579,1.53970469816972,143.023548452521,1.43043169071191,-595.139756897682,-10.0260947361755
0.956,-0.0261416832633341,0,154.188865480858,1.54251236661203,141.801212851342,1.40981678546965,-627.349079251817,-9.83438031095909
0.958,-0.0275866545986464,0,154.471148555169,1.54527795035145,140.499769206821,1.38992948760116,-674.377058312366,-9.57538165375119
0.96,-0.0295472452012858,0,154.750727572995,1.54800469012407,139.09372503313,1.37090795430901,-731.990912561097,-9.27874022485128
0.962,-0.0319417208422412,0,155.027377105347,1.5506961612382,137.566703099999,1.35281813156716,-795.30988252163,-8.97423704688867
0.964,-0.0346419899049462,0,155.300848924579,1.55335598940279,135.912364712755,1.33565234103715,-859.190785924379,-8.68940959282842
0.966,-0.0374833280206927,0,155.570892240992,1.55598759792218,134.134550644316,1.31933254149569,-918.620402699182,-8.4474686903126
0.968,-0.040277285566126,0,155.837273506256,1.5585940254584,132.246655175009,1.30371840828102,-969.085461248452,-8.26566169160942
0.97,-0.0428267169411945,0,156.099794302005,1.56117781254686,130.270305553433,1.28862024695164,-1006.89341490929,-8.15419305591397
0.972,-0.0449416925677799,0,156.358305990582,1.56374091763409,128.233468784217,1.27381626160557,-1029.42154791823,-8.11576869533973
0.974,-0.0464549792604569,0,156.612720091759,1.56628462394565,126.168146524257,1.25907292679286,-1035.27784334239,-8.14577675878099
0.976,-0.0472358082934808,0,156.863013736392,1.56880943274105,124.107844695161,1.24416648832311,-1024.36400648715,-8.23306091985627
0.978,-0.0472007903560459,0,157.109229975953,1.57131497505614,122.08501588218,1.22890325861649,-997.838545492876,-8.36119224701303
0.98,-0.0463210710760194,0,157.351473140599,1.57379998790039,120.128669204357,1.21313643240242,-957.985327418158,-8.51011006636093
0.982,-0.0446251304764697,0,157.589899803441,1.57626238781359,118.262324559227,1.19677752862497,-908.000021134173,-8.65798316424203
0.984,-0.0421969889470176,0,157.824706209119,1.57869944681969,116.502457596762,1.17980130214401,-851.712810009812,-8.7831378079709
0.986,-0.0391699612913468,0,158.056113251965,1.58110804836745,114.85754105172,1.16224412987295,-793.270273509307,-8.8659038835669
0.988,-0.0357164677409196,0,158.284350231348,1.58348498015744,113.327740126384,1.14419712927831,-736.802058434444,-8.89024156396022
0.99,-0.0320347360561706,0,158.509638660518,1.58582720903243,111.905267667114,1.12579596249455,-686.098674864439,-8.84502847732693
0.992,-0.0283334850140549,0,158.732177366664,1.58813208929145,110.575352734783,1.10720910305141,-644.32539721809,-8.72491359102453
0.994,-0.0248158454752894,0,158.952130004971,1.5903974855514,109.317728255959,1.08862562835645,-613.793931026099,-8.5306789284727
0.996,-0.0216638370939037,0,159.169615916205,1.59262182911096,108.108504058636,1.07024294155283,-595.808493067346,-8.26909009398413
0.998,-0.0190246714609633,0,159.384704979655,1.59480414665491,106.922264080653,1.05225456507048,-590.596674174311,-7.95225735560348
1,-0.017,0,159.597416768524,1.5969440942124,105.734212835318,1.03483822714561,-597.328456522093,-7.5965682873066
1.002,-0.0156389799147588,0,159.807723944056,1.5990420106026,104.522196929667,1.01814465169522,-614.219645567105,-7.22128775109679
1.004,-0.0149357142654222,0,160.015559466619,1.60109898355589,103.268442080001,1.00228767331578,-638.709347630505,-6.84694738848092
1.006,-0.0148312591395997,0,160.220826883371,1.60311689852334,101.960873136812,0.987336543625675,-667.695505911461,-6.49366250696031
1.008,-0.0152200120145267,0,160.423412702901,1.6050984223188,100.593921474124,0.973311412544231,-697.808314279026,-6.17951899569576
1.01,-0.0159599322068004,0,160.623199721097,1.6070468782712,99.1687673198443,0.960182733151008,-725.698830983936,-5.91916633050734
1.012,-0.0168857269021984,0,160.820080132814,1.60896599976501,97.693010719041,0.947874833820589,-748.319436591167,-5.72273397115097
1.014,-0.0178238909750681,0,161.013967333378,1.61085958516245,96.1798104719809,0.936273440726527,-763.173906973795,-5.59515770300609
1.016,-0.0186083359829188,0,161.204805458342,1.61273109928947,94.6465721700624,0.925236630660169,-768.517667405581,-5.53596285989845
1.018,-0.0190952960226288,0,161.392575920229,1.61458327735701,93.113301091005,0.914608401771813,-763.493018276734,-5.53950897450528
1.02,-0.0191762595020388,0,161.577300475296,1.61641780132972,91.6007605669809,0.904233669151266,-748.189447673972,-5.5956611411415
1.022,-0.0187878412062036,0,161.759040666565,1.61823513258049,90.1285897800871,0.893973096305142,-723.625167972723,-5.69081995544768
1.024,-0.0179177645864351,0,161.93789378753,1.62003456835877,88.7135359485845,0.883715877443023,-691.652279628177,-5.8092149926407
1.026,-0.016606448751018,0,162.113985750471,1.62181452454944,87.3679446428032,0.87338848934445,-654.79400363048,-5.93434809822357
1.028,-0.0149440612416656,0,162.287461428599,1.62357296185508,86.0986296508028,0.862957736376904,-616.027775897253,-6.05046447750104
1.03,-0.0130632759017604,0,162.458473207521,1.62530782352456,84.9062124571999,0.852427355264887,-578.532247738241,-6.14393112439401
1.032,-0.011128333578686,0,162.627168640118,1.62701736822125,83.7849834560484,0.841828906886384,-545.419049527063,-6.20441093900321
1.034,-0.00932131229107673,0,162.793678213091,1.62870033599259,82.7232949815732,0.831209013895624,-519.471322391815,-6.22573640107392
1.036,-0.00782674718040845,0,162.958104257996,1.63035593791863,81.7044528869802,0.820615516783324,-502.91040729298,-6.20641001792844
1.038,-0.00681587964097711,0,163.120511966986,1.6319837007321,80.7080321797158,0.810084739377392,-497.209741814082,-6.14968892780356
1.04,-0.00643184791801226,0,163.280923321838,1.63358323523425,79.7115069889547,0.799631331862078,-502.971130416246,-6.0632452533642
1.042,-0.00677705542426237,0,163.4393145225,1.63515402447649,78.692059237624,0.789241625597786,-519.873432012261,-5.95843023205471
1.044,-0.007903774332496,0,163.595617209786,1.63669532533966,77.628415911628,0.778871105630409,-546.697763133868,-5.84920650170086
1.046,-0.00980877545362444,0,163.74972343395,1.63820623954791,76.5025626400154,0.768446192349778,-581.427028318463,-5.75084419795874
1.048,-0.012432443095918,0,163.901493964717,1.63968595022676,75.3011914274525,0.757869873402192,-621.411473947014,-5.67849746034163
1.05,-0.0156624630660359,0,164.050769216261,1.64113406079585,74.0167621279474,0.747030026536196,-663.586518896869,-5.64578673281617
1.052,-0.0193417939360999,0,164.197381816964,1.64255093699247,72.6480891935991,0.735808929478267,-704.724792227133,-5.66350976970188
1.054,-0.0232802775063006,0,164.34116971472,1.64393794908288,71.2004049874872,0.724092711432438,-741.701458808802,-5.73859111314713
1.056,-0.0272689434078398,0,164.481988678029,1.64529753264314,69.6848950822421,0.711780154029908,-771.750772965534,-5.87335694319117
1.058,-0.0310958399733556,0,164.619723128311,1.64663302528188,68.1177454375305,0.698790817278315,-792.692468524735,-6.065193408866
1.06,-0.0345620973268441,0,164.754294414264,1.64794829068238,66.5187822123917,0.68507260809035,-803.109029421956,-6.30661643084556
1.062,-0.0374969095739089,0,164.885665891075,1.64924719655314,64.9098188187469,0.67060859585781,-802.458902735308,-6.58575027170944
1.064,-0.039770212585556,0,165.013844454129,1.65053304378079,63.3128490130359,0.655422335791416,-791.116000971801,-6.88717901926843
1.066,-0.0413020247314829,0,165.138878465382,1.65180803831312,61.748237585462,0.639580555048658,-770.331976699683,-7.19310162497133
1.068,-0.0420676942024687,0,165.260852292259,1.65307287104078,60.2330606321558,0.623192099867238,-742.124252946543,-7.48469436607777
1.07,-0.0420986353535275,0,165.379877952313,1.65432644858554,58.7797353245589,0.606402556243012,-709.099125430527,-7.74356934000086
1.072,-0.0414785097049687,0,165.496084602736,1.65556580557452,57.3950551759645,0.589384694426452,-674.224875756283,-7.95321211298645
1.074,-0.0403351839105088,0,165.609606799688,1.65678621642845,56.0797127582306,0.572325608868538,-640.574242981982,-8.10028245187651
1.076,-0.0388291459083806,0,165.720572556058,1.65798150728769,54.8283504396534,0.555412049004733,-611.058376321224,-8.17566955321053
1.078,-0.037139352687061,0,165.829092241312,1.659144550948,53.6301344989229,0.538815868453893,-588.175247081289,-8.17521050626303
1.08,-0.0354476944010983,0,165.935249289831,1.66026790928155,52.4698026926717,0.522681520296206,-573.794312412909,-8.1000087825839
1.082,-0.0339233724580203,0,166.039093516029,1.66134456507904,51.3290939305673,0.507116945513311,-568.996067937409,-7.95632475327084
1.084,-0.0327084943241289,0,166.140637593345,1.66236866380942,50.1884350882884,0.492188275116486,-573.980272367058,-7.75504720868681
1.086,-0.0319060847654956,0,166.239856970221,1.66333617617749,49.0287376316459,0.477917989847142,-588.050528769724,-7.51078965630401
1.088,-0.0315715106245958,0,166.336693198603,1.66424539957895,47.8331479056849,0.464285912342501,-609.676150920479,-7.24068542536446
1.09,-0.0317080308685956,0,166.43106036402,1.66509723822946,46.5886003055935,0.451232628770839,-636.625477524671,-6.96297963110868
1.092,-0.0322668392331308,0,166.522854052045,1.66589523209422,45.2870411249659,0.438665318118705,-666.158654045015,-6.69553304319667
1.094,-0.033151591924736,0,166.611962081817,1.66664533724788,43.9262204366167,0.426466096595036,-695.262926078023,-6.45436217195586
1.096,-0.0342270386607224,0,166.698276099277,1.66735549100874,42.5099869448858,0.41450268830568,-720.910084444298,-6.25233947397009
1.098,-0.0353310328853621,0,166.781703061537,1.66803502130764,41.0480631369782,0.402640726690967,-740.314109507635,-6.09816539616735
1.1,-0.0362889147393868,0,166.862175655137,1.66869397077829,39.5553218390522,0.390756606160654,-751.167352552386,-5.99570043030876
1.102,-0.0369290617162383,0,166.939660761225,1.66934238951579,38.0506268110223,0.378749630809552,-751.835682215063,-5.94371356180743
1.104,-0.0370983034150942,0,167.014165211943,1.66998961686513,36.5553357770197,0.366552149822822,-741.496695147981,-5.93606713413663
1.106,-0.0366759065917254,0,167.085738295826,1.67064355796112,35.0915913947009,0.354136393874773,-720.210011668408,-5.96232010006422
1.108,-0.0355849540204795,0,167.154470770076,1.67130998906341,33.6805421215193,0.341516941525364,-688.914434437321,-6.00869497177135
1.11,-0.0338001557987694,0,167.220490482726,1.67199197855629,32.3406396962401,0.328748312281492,-649.352872010677,-6.05932298299655
1.112,-0.0313514268178118,0,167.283955026985,1.67268954142815,31.0861527879232,0.315918100220324,-603.931924884675,-6.09766129015794
1.114,-0.0283229147211803,0,167.345042085597,1.67339962008572,29.9260177088282,0.303136997362244,-555.528410359797,-6.10796654260024
1.116,-0.0248475396996264,0,167.403938259756,1.67411640996499,28.8631182293538,0.290527584861348,-507.25941710943,-6.07670916566859
1.118,-0.0210974796547685,0,167.460827239547,1.6748319662013,27.8940498388333,0.278213729499596,-462.235364747655,-5.99382029406078
1.12,-0.0172713707322398,0,167.515878190583,1.67553697870616,27.0093824882431,0.266311884522429,-423.316747176346,-5.85367653328132
1.122,-0.0135792660632703,0,167.569235209861,1.6762215974955,26.1943935788442,0.25492469363051,-392.894652827338,-5.65574475836358
1.124,-0.0102265821240261,0,167.62100863098,1.6768762136649,25.4302035774915,0.244136315767611,-372.712832180507,-5.40482997472434
1.126,-0.00739834693967053,0,167.671268826468,1.67749213655516,24.6952139405485,0.23400831150507,-363.745236041559,-5.11089553251781
1.128,-0.00524504037801123,0,167.720042963931,1.67806213972034,23.9667241375109,0.224575139335967,-366.137931175916,-4.78845729619181
1.13,-0.00387118597191592,0,167.767314933567,1.67858086772261,23.2225932891994,0.215839187201205,-379.218572805727,-4.45558905422705
1.132,-0.00332762691519048,0,167.81302840044,1.67904510275178,22.4428126293077,0.20776624238666,-401.570695818509,-4.1326095416995
1.134,-0.00360811488885246,0,167.857092674486,1.67945388941506,21.61086693509,0.200282804859818,-431.164509704073,-3.84054581954719
1.136,-0.0046504843903796,0,167.899390862892,1.67980851386569,20.7147848662241,0.193276489224959,-465.531144448408,-3.59948173358552
1.138,-0.00634230676593757,0,167.939789601855,1.68011233919066,19.7478079093748,0.18660018220972,-501.963818650365,-3.42690674059619
1.14,-0.00853054855689009,0,167.978149574269,1.68037051518667,18.7086428345149,0.180079986157577,-537.727496694278,-3.33618248449673
1.142,-0.0110344287008714,0,168.014336002976,1.68058959600407,17.6013000287512,0.173526452209565,-570.258439358046,-3.33524245016382
1.144,-0.0136604059289138,0,168.048228355689,1.68077710271663,16.4345562220274,0.166748196463148,-597.336648921254,-3.42563274981898
1.146,-0.0162180531798374,0,168.079728599908,1.68094105841423,15.2211114988477,0.159566699043687,-617.217422953695,-3.60198773659194
1.148,-0.0185355044609846,0,168.108767495423,1.68108950517939,13.9765340610474,0.151830898492713,-628.712760747247,-3.85201024951346
1.15,-0.0204731972147369,0,168.135308602403,1.68122999757665,12.7180996629712,0.143430102103768,-631.218773314878,-4.15699203337929
1.152,-0.0219347767538937,0,168.159349908924,1.68136907237596,11.4636347818351,0.13430383868841,-624.690984722867,-4.49286776908858
1.154,-0.0228742667743719,0,168.180923220976,1.68151172031092,10.2304634438605,0.124447737910472,-609.574868734102,-4.83175128187117
1.156,-0.0232989216174563,0,168.200091672202,1.68166091683613,9.03453825950072,0.113915248409392,-586.703521976361,-5.14386000689699
1.158,-0.0232675359569942,0,168.216945866608,1.68181729064626,7.88980857088568,0.102815584885967,-557.177470485627,-5.39969717546743
1.16,-0.0228843660422506,0,168.231599244602,1.68197901351491,6.80784575165395,0.0913083795513398,-522.242800758786,-5.57233277591748
1.162,-0.0222891821186178,0,168.24418324946,1.68214197661694,5.79771195894384,0.0795952821080293,-483.182845174926,-5.63960528130634
1.164,-0.0216442938377117,0,168.254842771061,1.68230027701609,4.86602894296475,0.067908646186873,-441.235520183083,-5.58605589235431
1.166,-0.0211196426120048,0,168.263732179285,1.68244698388948,4.01718231756742,0.0564976239952483,-397.543384731216,-5.4044067506327
1.168,-0.0208772160368954,0,168.2710120644,1.68257510086047,3.25358735760055,0.0456123531757423,-353.137140877548,-5.09641006345707
1.17,-0.0210560963147698,0,168.276846612072,1.68267859873655,2.57594685230202,0.0354873423775524,-308.946536294666,-4.67293275735578
1.172,-0.0217594023509669,0,168.281401390166,1.68275336787227,1.98344967560855,0.0263255002076477,-265.82662905733,-4.15320281109977
1.174,-0.0230442281820744,0,168.284841241827,1.682797934484,1.47388780500709,0.0182843427223544,-224.583542291172,-3.56322771206334
1.176,-0.0249154316665631,0,168.287327988712,1.68281380729122,1.04370402695719,0.0114657827383317,-185.983707680253,-2.93350244582878
1.178,-0.0273238075522961,0,168.289017761998,1.68280537898215,0.688014079551571,0.00591065586144613,-150.735510139712,-2.29624722369383
1.18,-0.0301688146709406,0,168.290057975134,1.68277939554577,0.400665032983452,0.00159867677419468,-119.442139030435,-1.68252271769447
1.182,-0.0333056483304739,0,168.290584166485,1.68274409684472,0.174387914021531,-0.00154624727543094,-92.5361609705665,-1.11961103524893
1.184,-0.0365560874089492,0,168.290717092252,1.6827081898759,0.00107689823654072,-0.00364625434256755,-70.2142375592132,-0.628992544813016
1.186,-0.0397222312040052,0,168.290560488066,1.68267982462832,-0.127809780256263,-0.00485679884511545,-52.3907273441093,-0.225114785976513
1.188,-0.0426019998655693,0,168.290199840372,1.68266570854317,-0.220765955554313,-0.00535266442819038,-38.6828766489896,0.0850030501605129
1.19,-0.0450051242643589,0,168.289702360036,1.68267044509631,-0.285729824998238,-0.00531438053399278,-28.432084388005,0.301411958553183
1.192,-0.0467683087229923,0,168.289118186928,1.68269614109639,-0.329615953475972,-0.0049164166119,-20.7584361947272,0.430282993091534
1.194,-0.0477683167025668,0,168.288482711775,1.68274230279855,-0.357941653235133,-0.00431801289620774,-14.6404292679457,0.482562272278953
1.196,-0.0479318997899957,0,168.287819790016,1.68280602102367,-0.374584858729826,-0.00365687667995783,-9.00884491516844,0.472429044539358
1.198,-0.0472417500729067,0,168.287145543397,1.68288241958954,-0.381689704718972,-0.00304543305399467,-2.84324520503644,0.415733207167043
1.2,-0.045737983699427,0,168.286472401924,1.68296531141364,-0.379717030075134,-0.00256903263117223,4.73862410971304,0.328554289939998
1.202,-0.0435150319418319,0,168.285813031266,1.683047979879,-0.367624038919802,-0.00228552685076315,14.404964097862,0.225982935621363
1.204,-0.0407141948726109,0,168.285183811824,1.68312398634904,-0.343152003614986,-0.00222584620875022,26.5505322739955,0.121184301256456
1.206,-0.0375124704239411,0,168.284607577503,1.68318790431975,-0.303201870454659,-0.00239546569227389,41.2542853861894,0.0247662148696954
1.208,-0.0341085784939422,0,168.28411537575,1.68323589699025,-0.244281043880594,-0.00277673772125206,58.2543318836155,-0.0555542045874063
1.21,-0.0307073304534169,0,168.283747068535,1.68326608116385,-0.163005453819107,-0.00333205384758785,76.9424997340074,-0.11501350807574
1.212,-0.02750362978334,0,168.283550658717,1.68327864906622,-0.0566353986100113,-0.00400781769382277,96.3839056029082,-0.151636507766803
1.214,-0.024667418429871,0,168.283580305055,1.68327574413937,0.076388684106455,-0.00473926931749617,115.368536116835,-0.165890885666614
1.216,-0.0223308034285438,0,168.283893087305,1.68326110225357,0.235959490806039,-0.00545614930930589,132.49983891489,-0.160211809208482
1.218,-0.0205784160822105,0,168.284544707251,1.68323948398593,0.419925882740715,-0.0060889539302801,146.319227401232,-0.138447281962499
1.22,0.0165772644703566,0,168.28558446594,1.683215953673,0.623889081255057,-0.00657517394563914,155.456374080064,-0.105275893499695
1.222,0.0167647201921528,0,168.287050019248,1.68319510691793,0.841225124317374,-0.00686462508340342,158.785701815059,-0.0656476034079078
1.224,0.016960348511527,0,168.288962527948,1.68318038230043,1.06336180606405,-0.00692303380041117,155.563868273973,-0.0242923488019095
1.226,0.0171636552543662,0,168.291322828167,1.68317358403104,1.28030183115303,-0.0067335249500207,145.525351467293,0.0146702064887827
1.228,0.0173741268501935,0,168.294109137357,1.68317468801799,1.4813445248405,-0.00629630791678389,128.922920641255,0.0480012388484139
1.23,0.0175912316294914,0,168.297276615545,1.68318193470222,1.65592717867622,-0.00562729263701666,106.511362286869,0.0734893337487368
1.232,0.0178144211667453,0,168.300758879093,1.68319216254959,1.79449120180646,-0.00475640699084424,79.481395756615,0.0899800905556436
1.234,0.018043131665814,0,168.30447135613,1.6832013169415,1.88927845750101,-0.00372611477460402,49.3553263791686,0.097304615691715
1.236,0.0182767853841274,0,168.308316195213,1.68320506800724,1.93497602793512,-0.00259025356889197,17.857910513533,0.0961301275867376
1.238,0.0185147920921148,0,168.312188296508,1.68319947177441,1.92914868963922,-0.00141296636436917,-13.2238183990884,0.0877613045264441
1.24,0.0187565505641757,0,168.315981932357,1.68318160388162,1.87242365982882,-0.000267183229090503,-42.17889302964,0.0739223777188299
1.242,0.019001450097428,0,168.319597366442,1.68315008361408,1.76841844353358,0.000768161500743297,-67.4977313031235,0.0565459850603322
1.244,0.0192488720543962,0,168.322946877758,1.68310539856349,1.62342715318621,0.0016129802454928,-87.9753949588404,0.0375869450904804
1.246,0.0194981914257439,0,168.325959663803,1.68304995786964,1.44590144996993,0.00219322007426493,-102.786137599638,0.0188707266971105
1.248,0.0197487784091011,0,168.328585239596,1.68298785541038,1.24577819354583,0.0024497291870455,-111.525040090852,0.0019799032807437
1.25,0.02,0,168.330795134708,1.68292439235811,1.03371669822425,0.00234730185860182,-114.214954604453,-0.0118221872136327
1.252,0.0202512215908988,0,168.332582870108,1.68286545283498,0.820314105919838,0.00188203390066262,-111.27936421285,-0.0216337720374717
1.254,0.0205018085742561,0,168.333962340896,1.68281682913337,0.615367560189894,0.00108528201084448,-103.484152253466,-0.0269282466577696
1.256,0.0207511279456038,0,168.334964845394,1.68278357173818,0.427246252955197,2.30912646805847e-05,-91.8537327592982,-0.0275464642144993
1.258,0.020998549902572,0,168.335635101533,1.68276942279321,0.262424718884862,-0.0012091894625978,-77.5695472262971,-0.0236757817049711
1.26,0.0212434494358243,0,168.336026674261,1.68277638840871,0.125211021379906,-0.00249641156015136,-61.861334381364,-0.01582134798583
1.262,0.0214852079078852,0,168.336197279159,1.68280450314716,0.0176809411756094,-0.00371572095155278,-45.9030146698021,-0.00476958912982151
1.264,0.0217232146158726,0,168.33620440803,1.68285182576983,-0.0601948172568916,-0.0047492877614575,-30.7244162740464,0.00846185918386297
1.266,0.021956868334186,0,168.336101640734,1.68291467557234,-0.110264394520458,-0.0054958612790588,-17.147080087631,0.0226956947748177
1.268,0.0221855788332547,0,168.33593588206,1.68298807972895,-0.13579745547241,-0.00587994939792888,-5.74800012157822,0.0366920159469387
1.27,0.0224087683705086,0,168.335745620711,1.68306636493497,-0.141029996063106,-0.00585812278801737,3.14911349407275,0.0492655135131143
1.272,0.0226258731498065,0,168.335560174867,1.68314379976677,-0.130701934361712,-0.00542235817436657,9.45867137804756,0.0594066761464037
1.274,0.0228363447456338,0,168.335399783714,1.6832151831196,-0.109629972057479,-0.00460042363346749,13.2997110041808,0.0663852656777192
1.276,0.023039651488473,0,168.335276341367,1.68327628520069,-0.0823470464290761,-0.00345336842923988,14.9504760203299,0.0698173553386171
1.278,0.0232352798078472,0,168.335194555069,1.68332408331035,-0.0528276882385107,-0.00207040040699788,14.7974228905467,0.0696866770280731
1.28,0.0234227355296435,0,168.335153335696,1.68335678688248,-0.0243071043955722,-0.000561632678180856,13.2843109823499,0.0663214081534537
1.282,0.0236015451244395,0,168.335147275812,1.68337369767093,0.000808340157372689,0.000950876367213284,10.8659161155216,0.0603347979324502
1.284,0.0237712569036805,0,168.335168114155,1.68337498075509,0.0209495861896382,0.00234355951347464,7.96958321012388,0.0525412765329069
1.286,0.0239314421606831,0,168.335206108771,1.6833614184454,0.0353278523631216,0.00350295357178433,4.96647896782738,0.0438603142790239
1.288,0.0240816962535859,0,168.335251251146,1.68333419433599,0.0438298929743013,0.00433762088318072,2.15315856809767,0.0352202357059078
1.29,0.0242216396275101,0,168.335294273032,1.68329473587551,0.046883075509559,0.00478872964180902,-0.256984883641442,0.0274734775607857
1.292,0.0243509187733476,0,168.335327433653,1.68324464244031,0.0453061756313187,0.00483729433194065,-2.13361123852879,0.0213315567960835
1.294,0.0244692071207563,0,168.335345108158,1.6831857257295,0.040159650070113,0.00450655976021063,-3.42240822061084,0.0173221446266956
1.296,0.0245762058631046,0,168.335344204591,1.68312016848583,0.0326067882469666,0.00385909173373214,-4.1331515418186,0.015765220415776
1.298,0.0246716447122831,0,168.335324413994,1.68305076501453,0.023794461422763,0.00298923684089828,-4.32487538131201,0.0167632115319726
1.3,0.0247552825814758,0,168.335288267178,1.68298116352817,0.0147591716584454,0.00201231320971256,-4.09001535514474,0.0202012655693139
1.302,0.0248269081941664,0,168.335240954849,1.68291600830365,0.00636100120604942,0.00105212684202058,-3.53909052038911,0.0257568236542095
1.304,0.024886340617841,0,168.335189873875,1.68286088656899,-0.000754733146120202,0.000228349260780174,-2.78711766209092,0.0329210406893336
1.306,0.0249334297210393,0,168.335143889515,1.68282201772187,-0.00617052161977923,-0.000354890369951368,-1.9425513031215,0.0410360983101046
1.308,0.0249680565526,0,168.335112349473,1.68280567746201,-0.00968838213095466,-0.000618148941944785,-1.09916015767354,0.0493496200644734
1.31,0.0249901336421414,0,168.335103944024,1.68281741854927,-0.0113052699322733,-0.000512948167180412,-0.330915713197607,0.057080980124102
1.312,0.0249996052210191,0,168.335125557162,1.68286121193791,-0.0111776065385616,-2.50364546189071e-05,0.310302658395483,0.0634890843433219
1.314,0.0249964473632029,0,168.335181274654,1.68293866365347,-0.00958011081534634,0.000825260075297803,0.794582622517911,0.0679313553853744
1.316,0.0249806680457159,0,168.33527169899,1.68304845628457,-0.00686334075421031,0.00198542690804987,1.11195819043142,0.0699081141846757
1.318,0.0249523071284833,0,168.335393676718,1.68318612691334,-0.00341332443843682,0.00337572081211101,1.26907325911089,0.0690907812994817
1.32,0.0249114362536434,0,168.335540482184,1.68334423713836,0.00038437355849642,0.00489647168020308,1.28510081059981,0.0653340953728307
1.322,0.0248581586645734,0,168.335702434243,1.68351292660214,0.00417461759022724,0.00643726805573236,1.1874327701409,0.0586739388709678
1.324,0.0247926089450869,0,168.335867862,1.6836807820801,0.00765569677037862,0.0078871831763658,1.00756815557387,0.0493153306857206
1.326,0.0247149526794643,0,168.336024295694,1.68383591381372,0.0105947923291494,0.0091449054052,0.777521252512523,0.037617317090683
1.328,0.0246253860341723,0,168.336159744121,1.68396711431247,0.0128358836639596,0.0101276340339338,0.52695677610284,0.0240793325016266
1.33,0.0245241352623301,0,168.336263916365,1.68406496866187,0.0143005820030875,0.0107778032212015,0.28114737817154,0.00932837972054827
1.332,0.0244114561321748,0,168.336329237812,1.68412277454876,0.0149827984567728,0.0110669873899098,0.0597529515632548,-0.00589732744582526
1.334,0.0242876332809683,0,168.336351513572,1.68413713027743,0.0149385586122521,0.0109967824863403,-0.123652263790917,-0.0207730719324652
1.336,0.0241529794959791,0,168.336330141519,1.68410809525766,0.0142726617787716,0.0105970044960445,-0.261429034831318,-0.0344242710913986
1.338,0.0240078349243544,0,168.336267874794,1.6840389225611,0.0131239765951921,0.00992188596905449,-0.351251479944179,-0.0459768092879931
1.34,0.0238525662138789,0,168.336170234603,1.68393546224652,0.0116508133993225,0.00904489100765585,-0.395174993294981,-0.0546203162104039
1.342,0.0236875655867909,0,168.336044729142,1.68380538776664,0.0100172732934213,0.00805252992663542,-0.398545393545232,-0.0596804634331165
1.344,0.0235132498489942,0,168.335900025741,1.68365738832893,0.00838107943357109,0.00703744328783934,-0.368879341279905,-0.0606929341755318
1.346,0.0233300593371713,0,168.335745168734,1.68350041524569,0.00688316785646827,0.00609104048387338,-0.314816704133438,-0.0574687503154585
1.348,0.0231384568064535,0,168.335588877584,1.68334301256976,0.00563913856845832,0.00529599289609981,-0.245213677709771,-0.0501393188604058
1.35,0.0229389262614624,0,168.335438936629,1.6831927396778,0.00473264119684365,0.00471898871326483,-0.168415839704179,-0.0391710662957587
1.352,0.0227319717336713,0,168.335301699594,1.68305570600827,0.00421100814772489,0.00440447124919141,-0.0917257139716324,-0.0253437924838642
1.354,0.0225181160081788,0,168.335181748997,1.68293625598599,0.00408371189633324,0.00437037048537853,-0.0210603524194364,-0.00969234311900109
1.356,0.0222978993031075,0,168.335081750104,1.68283684255752,0.00432414298238618,0.00460673867533471,0.0392196347775851,0.00658390507264901
1.358,0.0220718779049664,0,168.335002519104,1.68275810853719,0.00487476359649915,0.00507770803825237,0.0863373463830081,0.0222354970504847
1.36,0.0218406227634234,0,168.334943292048,1.68269916252123,0.0056551532296073,0.00572657805130703,0.119014628672641,0.036089718792988
1.362,0.021604718049036,0,168.334902145888,1.68265800140669,0.00657196837204408,0.00648326302957432,0.137304709551021,0.0471747549906041
1.364,0.0213647596775866,0,168.334876501412,1.68263201033173,0.00752938576242602,0.0072727950025627,0.142367038413172,0.0548234276277513
1.366,0.0211213538047469,0,168.334863636451,1.68261846963721,0.00843835545118507,0.00802325707391583,0.136203422114719,0.0587388987591268
1.368,0.0208751152948764,0,168.334861145225,1.68261500593666,0.00922326084282775,0.00867172867685029,0.121371773512732,0.0590096290158085
1.37,0.0206266661678215,0,168.334867285366,1.68261993000022,0.00982536800822042,0.00916755964773504,0.100694426784575,0.0560701370314159
1.372,0.0203766340276397,0,168.334881165286,1.68263241508574,0.0102033244848919,0.00947313456475765,0.0769800446220825,0.0506147795339325
1.374,0.0201256504772167,0,168.33490275108,1.6826524956946,0.0103315431759386,0.00956284649896956,0.0527797419094185,0.0434812050928599
1.376,0.0198743495227833,0,168.334932706112,1.68268090041489,0.0101975151455798,0.00942120375644803,0.0301983510273066,0.035526957599864
1.378,0.0196233659723603,0,168.334972100972,1.68271875683102,0.0097990513449955,0.00904095698757621,0.0107785776341103,0.0275244280943072
1.38,0.0193733338321785,0,168.335022044253,1.68276721903938,0.0091422804129188,0.00842197697416407,-0.00453351138763421,0.0200932267916989
1.382,0.0191248847051236,0,168.335083294363,1.68282707789364,0.00824097495424488,0.00757137961742763,-0.015347196762916,0.0136766249292064
1.384,0.0188786461952531,0,168.335155918771,1.68289842014382,0.00711734093331081,0.00650498004725306,-0.0217289366432423,0.00855545698227874
1.386,0.0186352403224134,0,168.335239058487,1.68298039398934,0.00580372913378938,0.00524950496768908,-0.0240748249892785,0.00488332442535767
1.388,0.018395281950964,0,168.335330828166,1.68307111107976,0.00434411202024006,0.00384439738850026,-0.0229827871601996,0.0027236244024196
1.39,0.0181593772365766,0,168.335428348162,1.68316768095288,0.00279407960885129,0.002341975252659,-0.0191471445842351,0.00207326858003494
1.392,0.0179281220950336,0,168.335527883403,1.68326635247115,0.00121864487247726,0.000805255168554653,-0.0132857998100783,0.00286805405457829
1.394,0.0177021006968926,0,168.335625062868,1.68336273577798,-0.000312058376377862,-0.000696446858677108,-0.00609804321093783,0.00497466461357939
1.396,0.0174818839918212,0,168.335715163206,1.68345208810261,-0.00172847409511227,-0.00209339373245204,0.00175639007101677,0.00817961438505183
1.398,0.0172680282663287,0,168.335793447051,1.68352965386238,-0.00296769211680723,-0.00332172441749662,0.00966897693479204,0.0121862927715355
1.4,0.0170610737385376,0,168.335855546086,1.68359104901093,-0.00397881920315268,-0.00432907290033558,0.0170960191898788,0.0166291586681011
1.402,0.0168615431935465,0,168.335897871197,1.68363267200188,-0.00472678997649043,-0.00507862019863679,0.0235808362756224,0.0211085292578642
1.404,0.0166699406628287,0,168.335918015757,1.68365210740443,-0.00519417542929152,-0.00555111746046499,0.0287828755271666,0.0252405893737511
1.406,0.0164867501510058,0,168.335915093589,1.68364846381658,-0.00538107594052159,-0.00574495390387455,0.0325041872129389,0.0287092988233374
1.408,0.0163124344132092,0,168.335889935913,1.68362257045058,-0.00530361805095695,-0.00567478193155252,0.0347011114796005,0.0313046531244483
1.41,0.0161474337861211,0,168.335845085223,1.68357697043955,-0.00499171335129051,-0.00536935639950326,0.0354731304637636,0.0329365505004154
1.412,0.0159921650756456,0,168.335784572348,1.6835156972065,-0.0044865403211385,-0.00486905199286869,0.0350292648006187,0.0336227696095069
1.414,0.0158470205040209,0,168.335713516775,1.683443874067,-0.00383783777413246,-0.00422315374536199,0.0336408540696717,0.0334588128401262
1.416,0.0157123667190318,0,168.335637619662,1.6833672065552,-0.00310080645621701,-0.00348672564603235,0.0315939886822888,0.032582448692081
1.418,0.0155885438678252,0,168.335562625975,1.68329144396419,-0.00233236061574299,-0.00271680840089945,0.0291534814315844,0.0311448971429613
1.42,0.0154758647376699,0,168.335493831825,1.68322188620676,-0.00158664836769369,-0.00196787428159527,0.0265443139657188,0.0292950068935617
1.422,0.0153746139658277,0,168.335435698215,1.68316299722345,-0.000910099087637632,-0.00128680549791063,0.0239492193528722,0.0271757592214582
1.424,0.0152850473205357,0,168.335391592119,1.68311814587153,-0.000336667332508983,-0.000708072357463906,0.0215158873083768,0.0249274350489769
1.426,0.0152073910549131,0,168.335363631882,1.68308945125496,0.000115764509052577,-0.00025007845706772,0.0193658089619483,0.0226904052165459
1.428,0.0151418413354266,0,168.335352601794,1.68307769735051,0.000446900698807251,8.63997148966105e-05,0.0175982226274916,0.0206019535472669
1.43,0.0150885637463566,0,168.335357924804,1.68308230585725,0.000672895866164043,0.00031710932861633,0.0162853011591027,0.018784137041386
1.432,0.0150476928715167,0,168.335377715541,1.68310138941637,0.000822461554636008,0.000470447444892056,0.0154577892004572,0.0173225959955152
1.434,0.0150193319542841,0,168.335408951926,1.68313192346067,0.000930594417384294,0.000581196849153181,0.0150838374593767,0.0162395666338512
1.436,0.0150035526367971,0,168.335447790508,1.68317006179941,0.00103091367355046,0.000682861016994351,0.0150476166206964,0.0154679856561077
1.438,0.0150003947789809,0,168.335490009518,1.68321157991132,0.00114822885596965,0.000800221631231506,0.0151371037112848,0.014836212009047
1.44,0.0150098663578586,0,168.335531514876,1.68325238116718,0.00129318672007521,0.000943970066680835,0.0150503161475622,0.0140726266425237
1.442,0.0150319434474,0,168.33556881866,1.68328897546968,0.0014603627143357,0.00110878068476173,0.0144253102698973,0.0128352873731655
1.444,0.0150665702789607,0,168.335599408909,1.68331884918462,0.00163018131676258,0.00127521238324809,0.0128923483359448,0.0107648017542107
1.446,0.015113659382159,0,168.335621958978,1.68334067455651,0.0017740673022828,0.00141484217879113,0.0101389439187852,0.00755082330570188
1.448,0.0151730918058336,0,168.335636355468,1.68335433765006,0.00186155410053,0.00149735820621135,0.00597268864145044,0.00299675773143754
1.45,0.0152447174185242,0,168.335643552605,1.68336079267416,0.00186772720440662,0.00149799082905556,0.000365163927278496,-0.00293429483339414
1.452,0.0153283552877169,0,168.335645290192,1.68336177982074,0.00177930650911988,0.00140358602997247,-0.00653621345404064,-0.0101057215346982
1.454,0.0154237941368954,0,168.335643737589,1.68335946908234,0.001597889804949,0.00121584322616072,-0.0144336541755753,-0.0182310834973285
1.456,0.0155307928792437,0,168.335641137259,1.68335610359186,0.00133946481464072,0.000950824553862375,-0.0229367861853235,-0.0269304182032649
1.458,0.0156490812266524,0,168.33563951115,1.68335370576973,0.00103026679956646,0.000634812134471763,-0.0316383718202322,-0.0358048350761723
1.46,0.0157783603724899,0,168.335640465556,1.68335388193982,0.0007002237147269,0.000297754725326041,-0.040188523520688,-0.0445100600415068
1.462,0.0159183037464141,0,168.335645099451,1.68335773042447,0.000376129365960931,-3.35563489743136e-05,-0.0483491400896525,-0.0528107334547055
1.464,0.0160685578393169,0,168.335654000781,1.6833658376364,7.67704623273256e-05,-0.000340356565433928,-0.0560160873026802,-0.0606030192913728
1.466,0.0162287430963195,0,168.335667306463,1.68337833793224,-0.000188693265425961,-0.000613524050631173,-0.0632045375353866,-0.0679008678765611
1.468,0.0163984548755605,0,168.335684798949,1.68339501011933,-0.000419279373883607,-0.000852125612500194,-0.070001908500038,-0.0747901675056157
1.47,0.0165772644703565,0,168.335706012414,1.68341538370427,-0.00061901629574848,-0.00106024588960484,-0.0765018488951068,-0.0813639281655017
1.472,0.0167647201921528,0,168.335730325841,1.6834388321644,-0.000793688594448681,-0.00124372798501016,-0.0827381190775357,-0.0876570230297324
1.474,0.016960348511527,0,168.335757029164,1.68346463942523,-0.00094865477931997,-0.00140798640496795,-0.0886359339534587,-0.0935978164221208
1.476,0.0171636552543662,0,168.335785361592,1.68349203866475,-0.00108822811343009,-0.00155738265829508,-0.0939917470467479,-0.0989875896731099
1.478,0.0173741268501935,0,168.335814533174,1.68352023449526,-0.00121654808366775,-0.00169609116430255,-0.0984848087785751,-0.10351123775155
1.48,0.0175912316294914,0,168.335843745179,1.68354842405874,-0.0013394130910366,-0.00182992611072634,-0.101717718674793,-0.106776760516611
1.482,0.0178144211667453,0,168.335872223424,1.68357583113027,-0.00146620679834788,-0.00196826192602851,-0.103278440423731,-0.108376366046708
1.484,0.018043131665814,0,168.335899274847,1.68360176345693,-0.00161095965431804,-0.00212508927518575,-0.102812324231213,-0.107957979141846
1.486,0.0182767853841274,0,168.335924366026,1.6836256919548,-0.00179181211172186,-0.00231847364438838,-0.100090116214722,-0.105293193215145
1.488,0.0185147920921148,0,168.33594720153,1.68364732956232,-0.002028634991196,-0.00256817263836299,-0.0950577611450714,-0.10032735197036
1.49,0.0187565505641757,0,168.335967764273,1.68366667183347,-0.00233920025163859,-0.00289180598547616,-0.0878568895917486,-0.0932004495573427
1.492,0.019001450097428,0,168.335986283338,1.68368396464705,-0.00273486924191316,-0.00330054603260393,-0.0788114058825999,-0.0842340944029352
1.494,0.0192488720543962,0,168.336003117934,1.68369958764401,-0.00321700313477327,-0.00379553400072698,-0.0683843124364627,-0.0738885987120952
1.496,0.0194981914257439,0,168.336018585259,1.68371388112574,-0.00377510445334252,-0.0043660312218086,-0.0571169040735596,-0.0627023493456899
1.498,0.0197487784091012,0,168.336032801856,1.68372698602268,-0.00438721972402784,-0.00498983531882678,-0.0455661580179917,-0.0512293572480562
1.5,0.02,0,168.336045621068,1.68373877959815,-0.00502256828246929,-0.00563592579487308,-0.0342535953039978,-0.0399883272944704
